username,imgUrl
Josef,https://randomuser.me/api/portraits/men/9.jpg
Adrian,https://randomuser.me/api/portraits/men/6.jpg
Emily,https://randomuser.me/api/portraits/women/2.jpg
Josef,https://randomuser.me/api/portraits/women/9.jpg
Jay,https://randomuser.me/api/portraits/women/6.jpg
Emily,https://randomuser.me/api/portraits/women/6.jpg
Emily,https://randomuser.me/api/portraits/men/0.jpg
Adrian,https://randomuser.me/api/portraits/women/8.jpg
Watson,https://randomuser.me/api/portraits/men/4.jpg
Nathan,https://randomuser.me/api/portraits/women/3.jpg
Nathan,https://randomuser.me/api/portraits/men/3.jpg
Adrian,https://randomuser.me/api/portraits/women/0.jpg
Josef,https://randomuser.me/api/portraits/women/4.jpg
Watson,https://randomuser.me/api/portraits/men/8.jpg
Eliza,https://randomuser.me/api/portraits/men/3.jpg
Jay,https://randomuser.me/api/portraits/women/3.jpg
Adrian,https://randomuser.me/api/portraits/men/8.jpg
Jay,https://randomuser.me/api/portraits/men/7.jpg
Jay,https://randomuser.me/api/portraits/women/2.jpg
Michael,https://randomuser.me/api/portraits/women/2.jpg
Emily,https://randomuser.me/api/portraits/men/0.jpg
Johann,https://randomuser.me/api/portraits/women/6.jpg
Johann,https://randomuser.me/api/portraits/men/4.jpg
Michael,https://randomuser.me/api/portraits/women/7.jpg
Johann,https://randomuser.me/api/portraits/women/1.jpg
Eliza,https://randomuser.me/api/portraits/men/7.jpg
Adrian,https://randomuser.me/api/portraits/women/3.jpg
Watson,https://randomuser.me/api/portraits/women/8.jpg
Johann,https://randomuser.me/api/portraits/men/2.jpg
Adrian,https://randomuser.me/api/portraits/women/7.jpg
Adrian,https://randomuser.me/api/portraits/men/8.jpg
Jay,https://randomuser.me/api/portraits/men/2.jpg
Eleen,https://randomuser.me/api/portraits/women/1.jpg
Nathan,https://randomuser.me/api/portraits/men/6.jpg
Nathan,https://randomuser.me/api/portraits/men/1.jpg
Johann,https://randomuser.me/api/portraits/women/7.jpg
Jay,https://randomuser.me/api/portraits/women/3.jpg
Michael,https://randomuser.me/api/portraits/men/3.jpg
Michael,https://randomuser.me/api/portraits/women/9.jpg
Nathan,https://randomuser.me/api/portraits/men/7.jpg
Johann,https://randomuser.me/api/portraits/men/3.jpg
Eleen,https://randomuser.me/api/portraits/men/2.jpg
Emily,https://randomuser.me/api/portraits/men/2.jpg
Watson,https://randomuser.me/api/portraits/men/6.jpg
Adrian,https://randomuser.me/api/portraits/women/7.jpg
Adrian,https://randomuser.me/api/portraits/men/7.jpg
Eleen,https://randomuser.me/api/portraits/women/5.jpg
Johann,https://randomuser.me/api/portraits/women/4.jpg
Watson,https://randomuser.me/api/portraits/women/4.jpg
Watson,https://randomuser.me/api/portraits/men/3.jpg
Eleen,https://randomuser.me/api/portraits/men/0.jpg
Jay,https://randomuser.me/api/portraits/women/2.jpg
Josef,https://randomuser.me/api/portraits/women/2.jpg
Emily,https://randomuser.me/api/portraits/women/9.jpg
Adrian,https://randomuser.me/api/portraits/women/6.jpg
Eleen,https://randomuser.me/api/portraits/men/1.jpg
Josef,https://randomuser.me/api/portraits/women/5.jpg
Jay,https://randomuser.me/api/portraits/men/5.jpg
Eleen,https://randomuser.me/api/portraits/women/4.jpg
Jay,https://randomuser.me/api/portraits/men/4.jpg
Michael,https://randomuser.me/api/portraits/men/7.jpg
Eliza,https://randomuser.me/api/portraits/men/5.jpg
Adrian,https://randomuser.me/api/portraits/women/6.jpg
Johann,https://randomuser.me/api/portraits/men/9.jpg
Adrian,https://randomuser.me/api/portraits/women/4.jpg
Eliza,https://randomuser.me/api/portraits/men/5.jpg
Jay,https://randomuser.me/api/portraits/men/1.jpg
Eliza,https://randomuser.me/api/portraits/men/8.jpg
Eleen,https://randomuser.me/api/portraits/men/3.jpg
Emily,https://randomuser.me/api/portraits/women/2.jpg
Adrian,https://randomuser.me/api/portraits/men/1.jpg
Eliza,https://randomuser.me/api/portraits/men/3.jpg
Johann,https://randomuser.me/api/portraits/men/2.jpg
Jay,https://randomuser.me/api/portraits/women/6.jpg
Eliza,https://randomuser.me/api/portraits/men/9.jpg
Eliza,https://randomuser.me/api/portraits/men/7.jpg
Eleen,https://randomuser.me/api/portraits/women/8.jpg
Jay,https://randomuser.me/api/portraits/women/9.jpg
Michael,https://randomuser.me/api/portraits/men/3.jpg
Emily,https://randomuser.me/api/portraits/women/5.jpg
Johann,https://randomuser.me/api/portraits/men/1.jpg
Nathan,https://randomuser.me/api/portraits/men/0.jpg
Eleen,https://randomuser.me/api/portraits/women/4.jpg
Michael,https://randomuser.me/api/portraits/men/4.jpg
Jay,https://randomuser.me/api/portraits/women/9.jpg
Johann,https://randomuser.me/api/portraits/men/2.jpg
Eleen,https://randomuser.me/api/portraits/women/5.jpg
Johann,https://randomuser.me/api/portraits/women/4.jpg
Eliza,https://randomuser.me/api/portraits/women/6.jpg
Emily,https://randomuser.me/api/portraits/women/3.jpg
Jay,https://randomuser.me/api/portraits/women/9.jpg
Eleen,https://randomuser.me/api/portraits/women/8.jpg
Emily,https://randomuser.me/api/portraits/men/4.jpg
Jay,https://randomuser.me/api/portraits/men/1.jpg
Josef,https://randomuser.me/api/portraits/women/9.jpg
Johann,https://randomuser.me/api/portraits/men/2.jpg
Watson,https://randomuser.me/api/portraits/men/1.jpg
Nathan,https://randomuser.me/api/portraits/men/7.jpg
Josef,https://randomuser.me/api/portraits/men/1.jpg
Eliza,https://randomuser.me/api/portraits/women/5.jpg
