id,username,imgUrl
0,Clark,https://sdc-reviews-styels.s3-us-west-1.amazonaws.com/4.jpeg
1,Wally,https://sdc-reviews-styels.s3-us-west-1.amazonaws.com/6.jpeg
2,Jay,https://sdc-reviews-styels.s3-us-west-1.amazonaws.com/3.jpeg
3,Kyle,https://sdc-reviews-styels.s3-us-west-1.amazonaws.com/8.jpeg
4,Bruce,https://sdc-reviews-styels.s3-us-west-1.amazonaws.com/4.jpeg
5,Dianna,https://sdc-reviews-styels.s3-us-west-1.amazonaws.com/6.jpeg
6,Eleen,https://sdc-reviews-styels.s3-us-west-1.amazonaws.com/4.jpeg
7,Jay,https://sdc-reviews-styels.s3-us-west-1.amazonaws.com/2.jpeg
8,Clark,https://sdc-reviews-styels.s3-us-west-1.amazonaws.com/8.jpeg
9,Ben,https://sdc-reviews-styels.s3-us-west-1.amazonaws.com/2.jpeg
10,Arthur,https://sdc-reviews-styels.s3-us-west-1.amazonaws.com/7.jpeg
11,Arthur,https://sdc-reviews-styels.s3-us-west-1.amazonaws.com/4.jpeg
12,Barry,https://sdc-reviews-styels.s3-us-west-1.amazonaws.com/6.jpeg
13,Michael,https://sdc-reviews-styels.s3-us-west-1.amazonaws.com/5.jpeg
14,Michael,https://sdc-reviews-styels.s3-us-west-1.amazonaws.com/7.jpeg
15,Barry,https://sdc-reviews-styels.s3-us-west-1.amazonaws.com/1.jpeg
16,Dianna,https://sdc-reviews-styels.s3-us-west-1.amazonaws.com/6.jpeg
17,Clark,https://sdc-reviews-styels.s3-us-west-1.amazonaws.com/1.jpeg
18,Bruce,https://sdc-reviews-styels.s3-us-west-1.amazonaws.com/4.jpeg
19,Arthur,https://sdc-reviews-styels.s3-us-west-1.amazonaws.com/4.jpeg
20,Arthur,https://sdc-reviews-styels.s3-us-west-1.amazonaws.com/7.jpeg
21,Eleen,https://sdc-reviews-styels.s3-us-west-1.amazonaws.com/8.jpeg
22,Jay,https://sdc-reviews-styels.s3-us-west-1.amazonaws.com/8.jpeg
23,Michael,https://sdc-reviews-styels.s3-us-west-1.amazonaws.com/7.jpeg
24,Clark,https://sdc-reviews-styels.s3-us-west-1.amazonaws.com/7.jpeg
25,Michael,https://sdc-reviews-styels.s3-us-west-1.amazonaws.com/2.jpeg
26,Ben,https://sdc-reviews-styels.s3-us-west-1.amazonaws.com/5.jpeg
27,Bruce,https://sdc-reviews-styels.s3-us-west-1.amazonaws.com/8.jpeg
28,Bruce,https://sdc-reviews-styels.s3-us-west-1.amazonaws.com/3.jpeg
29,Ben,https://sdc-reviews-styels.s3-us-west-1.amazonaws.com/4.jpeg
30,Bruce,https://sdc-reviews-styels.s3-us-west-1.amazonaws.com/6.jpeg
31,Arthur,https://sdc-reviews-styels.s3-us-west-1.amazonaws.com/3.jpeg
32,Kyle,https://sdc-reviews-styels.s3-us-west-1.amazonaws.com/8.jpeg
33,Dianna,https://sdc-reviews-styels.s3-us-west-1.amazonaws.com/8.jpeg
34,Clark,https://sdc-reviews-styels.s3-us-west-1.amazonaws.com/8.jpeg
35,Bruce,https://sdc-reviews-styels.s3-us-west-1.amazonaws.com/1.jpeg
36,Dianna,https://sdc-reviews-styels.s3-us-west-1.amazonaws.com/7.jpeg
37,Arthur,https://sdc-reviews-styels.s3-us-west-1.amazonaws.com/7.jpeg
38,Wally,https://sdc-reviews-styels.s3-us-west-1.amazonaws.com/3.jpeg
39,Clark,https://sdc-reviews-styels.s3-us-west-1.amazonaws.com/3.jpeg
40,Jonn,https://sdc-reviews-styels.s3-us-west-1.amazonaws.com/5.jpeg
41,Johann,https://sdc-reviews-styels.s3-us-west-1.amazonaws.com/8.jpeg
42,Jay,https://sdc-reviews-styels.s3-us-west-1.amazonaws.com/4.jpeg
43,Wally,https://sdc-reviews-styels.s3-us-west-1.amazonaws.com/4.jpeg
44,Ben,https://sdc-reviews-styels.s3-us-west-1.amazonaws.com/7.jpeg
45,Kyle,https://sdc-reviews-styels.s3-us-west-1.amazonaws.com/7.jpeg
46,Wally,https://sdc-reviews-styels.s3-us-west-1.amazonaws.com/2.jpeg
47,Kyle,https://sdc-reviews-styels.s3-us-west-1.amazonaws.com/4.jpeg
48,Kyle,https://sdc-reviews-styels.s3-us-west-1.amazonaws.com/2.jpeg
49,Bruce,https://sdc-reviews-styels.s3-us-west-1.amazonaws.com/6.jpeg
50,Johann,https://sdc-reviews-styels.s3-us-west-1.amazonaws.com/6.jpeg
51,Wally,https://sdc-reviews-styels.s3-us-west-1.amazonaws.com/8.jpeg
52,Barry,https://sdc-reviews-styels.s3-us-west-1.amazonaws.com/3.jpeg
53,Kyle,https://sdc-reviews-styels.s3-us-west-1.amazonaws.com/1.jpeg
54,Jonn,https://sdc-reviews-styels.s3-us-west-1.amazonaws.com/8.jpeg
55,Michael,https://sdc-reviews-styels.s3-us-west-1.amazonaws.com/1.jpeg
56,Ben,https://sdc-reviews-styels.s3-us-west-1.amazonaws.com/2.jpeg
57,Arthur,https://sdc-reviews-styels.s3-us-west-1.amazonaws.com/2.jpeg
58,Clark,https://sdc-reviews-styels.s3-us-west-1.amazonaws.com/4.jpeg
59,Dianna,https://sdc-reviews-styels.s3-us-west-1.amazonaws.com/8.jpeg
60,Jonn,https://sdc-reviews-styels.s3-us-west-1.amazonaws.com/8.jpeg
61,Wally,https://sdc-reviews-styels.s3-us-west-1.amazonaws.com/7.jpeg
62,Clark,https://sdc-reviews-styels.s3-us-west-1.amazonaws.com/3.jpeg
63,Dianna,https://sdc-reviews-styels.s3-us-west-1.amazonaws.com/8.jpeg
64,Ben,https://sdc-reviews-styels.s3-us-west-1.amazonaws.com/2.jpeg
65,Dianna,https://sdc-reviews-styels.s3-us-west-1.amazonaws.com/8.jpeg
66,Jay,https://sdc-reviews-styels.s3-us-west-1.amazonaws.com/8.jpeg
67,Bruce,https://sdc-reviews-styels.s3-us-west-1.amazonaws.com/3.jpeg
68,Clark,https://sdc-reviews-styels.s3-us-west-1.amazonaws.com/4.jpeg
69,Barry,https://sdc-reviews-styels.s3-us-west-1.amazonaws.com/7.jpeg
70,Eleen,https://sdc-reviews-styels.s3-us-west-1.amazonaws.com/5.jpeg
71,Jay,https://sdc-reviews-styels.s3-us-west-1.amazonaws.com/3.jpeg
72,Kyle,https://sdc-reviews-styels.s3-us-west-1.amazonaws.com/3.jpeg
73,Barry,https://sdc-reviews-styels.s3-us-west-1.amazonaws.com/1.jpeg
74,Ben,https://sdc-reviews-styels.s3-us-west-1.amazonaws.com/5.jpeg
75,Jay,https://sdc-reviews-styels.s3-us-west-1.amazonaws.com/8.jpeg
76,Michael,https://sdc-reviews-styels.s3-us-west-1.amazonaws.com/3.jpeg
77,Ben,https://sdc-reviews-styels.s3-us-west-1.amazonaws.com/4.jpeg
78,Michael,https://sdc-reviews-styels.s3-us-west-1.amazonaws.com/4.jpeg
79,Eleen,https://sdc-reviews-styels.s3-us-west-1.amazonaws.com/5.jpeg
80,Wally,https://sdc-reviews-styels.s3-us-west-1.amazonaws.com/2.jpeg
81,Johann,https://sdc-reviews-styels.s3-us-west-1.amazonaws.com/7.jpeg
82,Jonn,https://sdc-reviews-styels.s3-us-west-1.amazonaws.com/7.jpeg
83,Wally,https://sdc-reviews-styels.s3-us-west-1.amazonaws.com/2.jpeg
84,Ben,https://sdc-reviews-styels.s3-us-west-1.amazonaws.com/4.jpeg
85,Eleen,https://sdc-reviews-styels.s3-us-west-1.amazonaws.com/2.jpeg
86,Wally,https://sdc-reviews-styels.s3-us-west-1.amazonaws.com/2.jpeg
87,Arthur,https://sdc-reviews-styels.s3-us-west-1.amazonaws.com/8.jpeg
88,Johann,https://sdc-reviews-styels.s3-us-west-1.amazonaws.com/6.jpeg
89,Bruce,https://sdc-reviews-styels.s3-us-west-1.amazonaws.com/8.jpeg
90,Kyle,https://sdc-reviews-styels.s3-us-west-1.amazonaws.com/2.jpeg
91,Bruce,https://sdc-reviews-styels.s3-us-west-1.amazonaws.com/5.jpeg
92,Clark,https://sdc-reviews-styels.s3-us-west-1.amazonaws.com/5.jpeg
93,Arthur,https://sdc-reviews-styels.s3-us-west-1.amazonaws.com/7.jpeg
94,Jonn,https://sdc-reviews-styels.s3-us-west-1.amazonaws.com/3.jpeg
95,Arthur,https://sdc-reviews-styels.s3-us-west-1.amazonaws.com/6.jpeg
96,Arthur,https://sdc-reviews-styels.s3-us-west-1.amazonaws.com/3.jpeg
97,Ben,https://sdc-reviews-styels.s3-us-west-1.amazonaws.com/5.jpeg
98,Bruce,https://sdc-reviews-styels.s3-us-west-1.amazonaws.com/2.jpeg
99,Ben,https://sdc-reviews-styels.s3-us-west-1.amazonaws.com/3.jpeg
100,Eleen,https://sdc-reviews-styels.s3-us-west-1.amazonaws.com/7.jpeg
101,Clark,https://sdc-reviews-styels.s3-us-west-1.amazonaws.com/3.jpeg
102,Barry,https://sdc-reviews-styels.s3-us-west-1.amazonaws.com/4.jpeg
103,Arthur,https://sdc-reviews-styels.s3-us-west-1.amazonaws.com/4.jpeg
104,Eleen,https://sdc-reviews-styels.s3-us-west-1.amazonaws.com/8.jpeg
105,Barry,https://sdc-reviews-styels.s3-us-west-1.amazonaws.com/8.jpeg
106,Michael,https://sdc-reviews-styels.s3-us-west-1.amazonaws.com/6.jpeg
107,Jonn,https://sdc-reviews-styels.s3-us-west-1.amazonaws.com/8.jpeg
108,Michael,https://sdc-reviews-styels.s3-us-west-1.amazonaws.com/2.jpeg
109,Arthur,https://sdc-reviews-styels.s3-us-west-1.amazonaws.com/4.jpeg
110,Dianna,https://sdc-reviews-styels.s3-us-west-1.amazonaws.com/1.jpeg
111,Ben,https://sdc-reviews-styels.s3-us-west-1.amazonaws.com/8.jpeg
112,Wally,https://sdc-reviews-styels.s3-us-west-1.amazonaws.com/4.jpeg
113,Arthur,https://sdc-reviews-styels.s3-us-west-1.amazonaws.com/7.jpeg
114,Jay,https://sdc-reviews-styels.s3-us-west-1.amazonaws.com/1.jpeg
115,Eleen,https://sdc-reviews-styels.s3-us-west-1.amazonaws.com/7.jpeg
116,Michael,https://sdc-reviews-styels.s3-us-west-1.amazonaws.com/3.jpeg
117,Jay,https://sdc-reviews-styels.s3-us-west-1.amazonaws.com/7.jpeg
118,Ben,https://sdc-reviews-styels.s3-us-west-1.amazonaws.com/6.jpeg
119,Barry,https://sdc-reviews-styels.s3-us-west-1.amazonaws.com/1.jpeg
120,Barry,https://sdc-reviews-styels.s3-us-west-1.amazonaws.com/2.jpeg
121,Michael,https://sdc-reviews-styels.s3-us-west-1.amazonaws.com/2.jpeg
122,Ben,https://sdc-reviews-styels.s3-us-west-1.amazonaws.com/6.jpeg
123,Eleen,https://sdc-reviews-styels.s3-us-west-1.amazonaws.com/2.jpeg
124,Kyle,https://sdc-reviews-styels.s3-us-west-1.amazonaws.com/5.jpeg
125,Eleen,https://sdc-reviews-styels.s3-us-west-1.amazonaws.com/5.jpeg
126,Eleen,https://sdc-reviews-styels.s3-us-west-1.amazonaws.com/3.jpeg
127,Barry,https://sdc-reviews-styels.s3-us-west-1.amazonaws.com/8.jpeg
128,Bruce,https://sdc-reviews-styels.s3-us-west-1.amazonaws.com/3.jpeg
129,Dianna,https://sdc-reviews-styels.s3-us-west-1.amazonaws.com/4.jpeg
130,Dianna,https://sdc-reviews-styels.s3-us-west-1.amazonaws.com/4.jpeg
131,Clark,https://sdc-reviews-styels.s3-us-west-1.amazonaws.com/2.jpeg
132,Arthur,https://sdc-reviews-styels.s3-us-west-1.amazonaws.com/6.jpeg
133,Eleen,https://sdc-reviews-styels.s3-us-west-1.amazonaws.com/1.jpeg
134,Barry,https://sdc-reviews-styels.s3-us-west-1.amazonaws.com/6.jpeg
135,Kyle,https://sdc-reviews-styels.s3-us-west-1.amazonaws.com/7.jpeg
136,Johann,https://sdc-reviews-styels.s3-us-west-1.amazonaws.com/7.jpeg
137,Jonn,https://sdc-reviews-styels.s3-us-west-1.amazonaws.com/8.jpeg
138,Dianna,https://sdc-reviews-styels.s3-us-west-1.amazonaws.com/2.jpeg
139,Jonn,https://sdc-reviews-styels.s3-us-west-1.amazonaws.com/1.jpeg
140,Kyle,https://sdc-reviews-styels.s3-us-west-1.amazonaws.com/8.jpeg
141,Michael,https://sdc-reviews-styels.s3-us-west-1.amazonaws.com/4.jpeg
142,Clark,https://sdc-reviews-styels.s3-us-west-1.amazonaws.com/6.jpeg
143,Barry,https://sdc-reviews-styels.s3-us-west-1.amazonaws.com/2.jpeg
144,Johann,https://sdc-reviews-styels.s3-us-west-1.amazonaws.com/1.jpeg
145,Michael,https://sdc-reviews-styels.s3-us-west-1.amazonaws.com/7.jpeg
146,Kyle,https://sdc-reviews-styels.s3-us-west-1.amazonaws.com/8.jpeg
147,Barry,https://sdc-reviews-styels.s3-us-west-1.amazonaws.com/8.jpeg
148,Johann,https://sdc-reviews-styels.s3-us-west-1.amazonaws.com/4.jpeg
149,Bruce,https://sdc-reviews-styels.s3-us-west-1.amazonaws.com/6.jpeg
150,Bruce,https://sdc-reviews-styels.s3-us-west-1.amazonaws.com/5.jpeg
151,Kyle,https://sdc-reviews-styels.s3-us-west-1.amazonaws.com/6.jpeg
152,Arthur,https://sdc-reviews-styels.s3-us-west-1.amazonaws.com/4.jpeg
153,Kyle,https://sdc-reviews-styels.s3-us-west-1.amazonaws.com/1.jpeg
154,Arthur,https://sdc-reviews-styels.s3-us-west-1.amazonaws.com/8.jpeg
155,Dianna,https://sdc-reviews-styels.s3-us-west-1.amazonaws.com/2.jpeg
156,Bruce,https://sdc-reviews-styels.s3-us-west-1.amazonaws.com/2.jpeg
157,Kyle,https://sdc-reviews-styels.s3-us-west-1.amazonaws.com/7.jpeg
158,Michael,https://sdc-reviews-styels.s3-us-west-1.amazonaws.com/7.jpeg
159,Michael,https://sdc-reviews-styels.s3-us-west-1.amazonaws.com/1.jpeg
160,Michael,https://sdc-reviews-styels.s3-us-west-1.amazonaws.com/7.jpeg
161,Eleen,https://sdc-reviews-styels.s3-us-west-1.amazonaws.com/6.jpeg
162,Jay,https://sdc-reviews-styels.s3-us-west-1.amazonaws.com/4.jpeg
163,Michael,https://sdc-reviews-styels.s3-us-west-1.amazonaws.com/6.jpeg
164,Eleen,https://sdc-reviews-styels.s3-us-west-1.amazonaws.com/2.jpeg
165,Johann,https://sdc-reviews-styels.s3-us-west-1.amazonaws.com/1.jpeg
166,Dianna,https://sdc-reviews-styels.s3-us-west-1.amazonaws.com/7.jpeg
167,Jonn,https://sdc-reviews-styels.s3-us-west-1.amazonaws.com/4.jpeg
168,Kyle,https://sdc-reviews-styels.s3-us-west-1.amazonaws.com/5.jpeg
169,Jonn,https://sdc-reviews-styels.s3-us-west-1.amazonaws.com/5.jpeg
170,Michael,https://sdc-reviews-styels.s3-us-west-1.amazonaws.com/4.jpeg
171,Johann,https://sdc-reviews-styels.s3-us-west-1.amazonaws.com/8.jpeg
172,Arthur,https://sdc-reviews-styels.s3-us-west-1.amazonaws.com/7.jpeg
173,Wally,https://sdc-reviews-styels.s3-us-west-1.amazonaws.com/8.jpeg
174,Michael,https://sdc-reviews-styels.s3-us-west-1.amazonaws.com/7.jpeg
175,Ben,https://sdc-reviews-styels.s3-us-west-1.amazonaws.com/1.jpeg
176,Eleen,https://sdc-reviews-styels.s3-us-west-1.amazonaws.com/2.jpeg
177,Barry,https://sdc-reviews-styels.s3-us-west-1.amazonaws.com/1.jpeg
178,Wally,https://sdc-reviews-styels.s3-us-west-1.amazonaws.com/1.jpeg
179,Johann,https://sdc-reviews-styels.s3-us-west-1.amazonaws.com/4.jpeg
180,Michael,https://sdc-reviews-styels.s3-us-west-1.amazonaws.com/6.jpeg
181,Wally,https://sdc-reviews-styels.s3-us-west-1.amazonaws.com/3.jpeg
182,Barry,https://sdc-reviews-styels.s3-us-west-1.amazonaws.com/1.jpeg
183,Michael,https://sdc-reviews-styels.s3-us-west-1.amazonaws.com/3.jpeg
184,Kyle,https://sdc-reviews-styels.s3-us-west-1.amazonaws.com/2.jpeg
185,Arthur,https://sdc-reviews-styels.s3-us-west-1.amazonaws.com/1.jpeg
186,Bruce,https://sdc-reviews-styels.s3-us-west-1.amazonaws.com/6.jpeg
187,Kyle,https://sdc-reviews-styels.s3-us-west-1.amazonaws.com/6.jpeg
188,Michael,https://sdc-reviews-styels.s3-us-west-1.amazonaws.com/4.jpeg
189,Kyle,https://sdc-reviews-styels.s3-us-west-1.amazonaws.com/8.jpeg
190,Bruce,https://sdc-reviews-styels.s3-us-west-1.amazonaws.com/5.jpeg
191,Michael,https://sdc-reviews-styels.s3-us-west-1.amazonaws.com/8.jpeg
192,Clark,https://sdc-reviews-styels.s3-us-west-1.amazonaws.com/8.jpeg
193,Arthur,https://sdc-reviews-styels.s3-us-west-1.amazonaws.com/3.jpeg
194,Eleen,https://sdc-reviews-styels.s3-us-west-1.amazonaws.com/7.jpeg
195,Ben,https://sdc-reviews-styels.s3-us-west-1.amazonaws.com/1.jpeg
196,Johann,https://sdc-reviews-styels.s3-us-west-1.amazonaws.com/1.jpeg
197,Arthur,https://sdc-reviews-styels.s3-us-west-1.amazonaws.com/1.jpeg
198,Kyle,https://sdc-reviews-styels.s3-us-west-1.amazonaws.com/4.jpeg
199,Arthur,https://sdc-reviews-styels.s3-us-west-1.amazonaws.com/5.jpeg
200,Jay,https://sdc-reviews-styels.s3-us-west-1.amazonaws.com/6.jpeg
201,Barry,https://sdc-reviews-styels.s3-us-west-1.amazonaws.com/7.jpeg
202,Wally,https://sdc-reviews-styels.s3-us-west-1.amazonaws.com/1.jpeg
203,Bruce,https://sdc-reviews-styels.s3-us-west-1.amazonaws.com/4.jpeg
204,Dianna,https://sdc-reviews-styels.s3-us-west-1.amazonaws.com/1.jpeg
205,Bruce,https://sdc-reviews-styels.s3-us-west-1.amazonaws.com/3.jpeg
206,Johann,https://sdc-reviews-styels.s3-us-west-1.amazonaws.com/2.jpeg
207,Dianna,https://sdc-reviews-styels.s3-us-west-1.amazonaws.com/5.jpeg
208,Dianna,https://sdc-reviews-styels.s3-us-west-1.amazonaws.com/1.jpeg
209,Arthur,https://sdc-reviews-styels.s3-us-west-1.amazonaws.com/7.jpeg
210,Eleen,https://sdc-reviews-styels.s3-us-west-1.amazonaws.com/1.jpeg
211,Eleen,https://sdc-reviews-styels.s3-us-west-1.amazonaws.com/6.jpeg
212,Michael,https://sdc-reviews-styels.s3-us-west-1.amazonaws.com/8.jpeg
213,Bruce,https://sdc-reviews-styels.s3-us-west-1.amazonaws.com/2.jpeg
214,Arthur,https://sdc-reviews-styels.s3-us-west-1.amazonaws.com/4.jpeg
215,Jay,https://sdc-reviews-styels.s3-us-west-1.amazonaws.com/6.jpeg
216,Wally,https://sdc-reviews-styels.s3-us-west-1.amazonaws.com/2.jpeg
217,Johann,https://sdc-reviews-styels.s3-us-west-1.amazonaws.com/7.jpeg
218,Bruce,https://sdc-reviews-styels.s3-us-west-1.amazonaws.com/5.jpeg
219,Ben,https://sdc-reviews-styels.s3-us-west-1.amazonaws.com/6.jpeg
220,Wally,https://sdc-reviews-styels.s3-us-west-1.amazonaws.com/1.jpeg
221,Kyle,https://sdc-reviews-styels.s3-us-west-1.amazonaws.com/7.jpeg
222,Jay,https://sdc-reviews-styels.s3-us-west-1.amazonaws.com/1.jpeg
223,Jay,https://sdc-reviews-styels.s3-us-west-1.amazonaws.com/5.jpeg
224,Bruce,https://sdc-reviews-styels.s3-us-west-1.amazonaws.com/1.jpeg
225,Jonn,https://sdc-reviews-styels.s3-us-west-1.amazonaws.com/8.jpeg
226,Barry,https://sdc-reviews-styels.s3-us-west-1.amazonaws.com/2.jpeg
227,Bruce,https://sdc-reviews-styels.s3-us-west-1.amazonaws.com/3.jpeg
228,Wally,https://sdc-reviews-styels.s3-us-west-1.amazonaws.com/5.jpeg
229,Eleen,https://sdc-reviews-styels.s3-us-west-1.amazonaws.com/1.jpeg
230,Ben,https://sdc-reviews-styels.s3-us-west-1.amazonaws.com/8.jpeg
231,Michael,https://sdc-reviews-styels.s3-us-west-1.amazonaws.com/4.jpeg
232,Kyle,https://sdc-reviews-styels.s3-us-west-1.amazonaws.com/5.jpeg
233,Barry,https://sdc-reviews-styels.s3-us-west-1.amazonaws.com/5.jpeg
234,Michael,https://sdc-reviews-styels.s3-us-west-1.amazonaws.com/2.jpeg
235,Bruce,https://sdc-reviews-styels.s3-us-west-1.amazonaws.com/6.jpeg
236,Wally,https://sdc-reviews-styels.s3-us-west-1.amazonaws.com/6.jpeg
237,Barry,https://sdc-reviews-styels.s3-us-west-1.amazonaws.com/8.jpeg
238,Kyle,https://sdc-reviews-styels.s3-us-west-1.amazonaws.com/7.jpeg
239,Dianna,https://sdc-reviews-styels.s3-us-west-1.amazonaws.com/6.jpeg
240,Johann,https://sdc-reviews-styels.s3-us-west-1.amazonaws.com/6.jpeg
241,Kyle,https://sdc-reviews-styels.s3-us-west-1.amazonaws.com/4.jpeg
242,Ben,https://sdc-reviews-styels.s3-us-west-1.amazonaws.com/7.jpeg
243,Kyle,https://sdc-reviews-styels.s3-us-west-1.amazonaws.com/4.jpeg
244,Ben,https://sdc-reviews-styels.s3-us-west-1.amazonaws.com/5.jpeg
245,Barry,https://sdc-reviews-styels.s3-us-west-1.amazonaws.com/5.jpeg
246,Kyle,https://sdc-reviews-styels.s3-us-west-1.amazonaws.com/7.jpeg
247,Kyle,https://sdc-reviews-styels.s3-us-west-1.amazonaws.com/7.jpeg
248,Jonn,https://sdc-reviews-styels.s3-us-west-1.amazonaws.com/4.jpeg
249,Dianna,https://sdc-reviews-styels.s3-us-west-1.amazonaws.com/2.jpeg
250,Jay,https://sdc-reviews-styels.s3-us-west-1.amazonaws.com/7.jpeg
251,Dianna,https://sdc-reviews-styels.s3-us-west-1.amazonaws.com/2.jpeg
252,Clark,https://sdc-reviews-styels.s3-us-west-1.amazonaws.com/4.jpeg
253,Kyle,https://sdc-reviews-styels.s3-us-west-1.amazonaws.com/6.jpeg
254,Ben,https://sdc-reviews-styels.s3-us-west-1.amazonaws.com/6.jpeg
255,Eleen,https://sdc-reviews-styels.s3-us-west-1.amazonaws.com/5.jpeg
256,Clark,https://sdc-reviews-styels.s3-us-west-1.amazonaws.com/3.jpeg
257,Jonn,https://sdc-reviews-styels.s3-us-west-1.amazonaws.com/4.jpeg
258,Jay,https://sdc-reviews-styels.s3-us-west-1.amazonaws.com/3.jpeg
259,Eleen,https://sdc-reviews-styels.s3-us-west-1.amazonaws.com/7.jpeg
260,Dianna,https://sdc-reviews-styels.s3-us-west-1.amazonaws.com/6.jpeg
261,Dianna,https://sdc-reviews-styels.s3-us-west-1.amazonaws.com/7.jpeg
262,Eleen,https://sdc-reviews-styels.s3-us-west-1.amazonaws.com/6.jpeg
263,Wally,https://sdc-reviews-styels.s3-us-west-1.amazonaws.com/7.jpeg
264,Barry,https://sdc-reviews-styels.s3-us-west-1.amazonaws.com/1.jpeg
265,Clark,https://sdc-reviews-styels.s3-us-west-1.amazonaws.com/1.jpeg
266,Arthur,https://sdc-reviews-styels.s3-us-west-1.amazonaws.com/3.jpeg
267,Eleen,https://sdc-reviews-styels.s3-us-west-1.amazonaws.com/3.jpeg
268,Kyle,https://sdc-reviews-styels.s3-us-west-1.amazonaws.com/8.jpeg
269,Ben,https://sdc-reviews-styels.s3-us-west-1.amazonaws.com/5.jpeg
270,Ben,https://sdc-reviews-styels.s3-us-west-1.amazonaws.com/8.jpeg
271,Wally,https://sdc-reviews-styels.s3-us-west-1.amazonaws.com/2.jpeg
272,Arthur,https://sdc-reviews-styels.s3-us-west-1.amazonaws.com/4.jpeg
273,Eleen,https://sdc-reviews-styels.s3-us-west-1.amazonaws.com/7.jpeg
274,Jay,https://sdc-reviews-styels.s3-us-west-1.amazonaws.com/6.jpeg
275,Arthur,https://sdc-reviews-styels.s3-us-west-1.amazonaws.com/3.jpeg
276,Eleen,https://sdc-reviews-styels.s3-us-west-1.amazonaws.com/1.jpeg
277,Eleen,https://sdc-reviews-styels.s3-us-west-1.amazonaws.com/3.jpeg
278,Johann,https://sdc-reviews-styels.s3-us-west-1.amazonaws.com/2.jpeg
279,Johann,https://sdc-reviews-styels.s3-us-west-1.amazonaws.com/7.jpeg
280,Ben,https://sdc-reviews-styels.s3-us-west-1.amazonaws.com/4.jpeg
281,Clark,https://sdc-reviews-styels.s3-us-west-1.amazonaws.com/8.jpeg
282,Jay,https://sdc-reviews-styels.s3-us-west-1.amazonaws.com/2.jpeg
283,Kyle,https://sdc-reviews-styels.s3-us-west-1.amazonaws.com/6.jpeg
284,Wally,https://sdc-reviews-styels.s3-us-west-1.amazonaws.com/5.jpeg
285,Clark,https://sdc-reviews-styels.s3-us-west-1.amazonaws.com/8.jpeg
286,Jay,https://sdc-reviews-styels.s3-us-west-1.amazonaws.com/5.jpeg
287,Michael,https://sdc-reviews-styels.s3-us-west-1.amazonaws.com/4.jpeg
288,Dianna,https://sdc-reviews-styels.s3-us-west-1.amazonaws.com/8.jpeg
289,Ben,https://sdc-reviews-styels.s3-us-west-1.amazonaws.com/6.jpeg
290,Johann,https://sdc-reviews-styels.s3-us-west-1.amazonaws.com/4.jpeg
291,Michael,https://sdc-reviews-styels.s3-us-west-1.amazonaws.com/2.jpeg
292,Ben,https://sdc-reviews-styels.s3-us-west-1.amazonaws.com/4.jpeg
293,Jay,https://sdc-reviews-styels.s3-us-west-1.amazonaws.com/2.jpeg
294,Jay,https://sdc-reviews-styels.s3-us-west-1.amazonaws.com/5.jpeg
295,Arthur,https://sdc-reviews-styels.s3-us-west-1.amazonaws.com/5.jpeg
296,Clark,https://sdc-reviews-styels.s3-us-west-1.amazonaws.com/2.jpeg
297,Kyle,https://sdc-reviews-styels.s3-us-west-1.amazonaws.com/5.jpeg
298,Clark,https://sdc-reviews-styels.s3-us-west-1.amazonaws.com/3.jpeg
299,Wally,https://sdc-reviews-styels.s3-us-west-1.amazonaws.com/1.jpeg
300,Eleen,https://sdc-reviews-styels.s3-us-west-1.amazonaws.com/1.jpeg
301,Arthur,https://sdc-reviews-styels.s3-us-west-1.amazonaws.com/4.jpeg
302,Wally,https://sdc-reviews-styels.s3-us-west-1.amazonaws.com/3.jpeg
303,Jay,https://sdc-reviews-styels.s3-us-west-1.amazonaws.com/2.jpeg
304,Dianna,https://sdc-reviews-styels.s3-us-west-1.amazonaws.com/2.jpeg
305,Michael,https://sdc-reviews-styels.s3-us-west-1.amazonaws.com/1.jpeg
306,Johann,https://sdc-reviews-styels.s3-us-west-1.amazonaws.com/4.jpeg
307,Eleen,https://sdc-reviews-styels.s3-us-west-1.amazonaws.com/2.jpeg
308,Bruce,https://sdc-reviews-styels.s3-us-west-1.amazonaws.com/4.jpeg
309,Ben,https://sdc-reviews-styels.s3-us-west-1.amazonaws.com/6.jpeg
310,Arthur,https://sdc-reviews-styels.s3-us-west-1.amazonaws.com/5.jpeg
311,Jonn,https://sdc-reviews-styels.s3-us-west-1.amazonaws.com/1.jpeg
312,Dianna,https://sdc-reviews-styels.s3-us-west-1.amazonaws.com/1.jpeg
313,Wally,https://sdc-reviews-styels.s3-us-west-1.amazonaws.com/1.jpeg
314,Michael,https://sdc-reviews-styels.s3-us-west-1.amazonaws.com/1.jpeg
315,Bruce,https://sdc-reviews-styels.s3-us-west-1.amazonaws.com/3.jpeg
316,Bruce,https://sdc-reviews-styels.s3-us-west-1.amazonaws.com/5.jpeg
317,Eleen,https://sdc-reviews-styels.s3-us-west-1.amazonaws.com/6.jpeg
318,Eleen,https://sdc-reviews-styels.s3-us-west-1.amazonaws.com/6.jpeg
319,Jay,https://sdc-reviews-styels.s3-us-west-1.amazonaws.com/1.jpeg
320,Bruce,https://sdc-reviews-styels.s3-us-west-1.amazonaws.com/6.jpeg
321,Wally,https://sdc-reviews-styels.s3-us-west-1.amazonaws.com/4.jpeg
322,Johann,https://sdc-reviews-styels.s3-us-west-1.amazonaws.com/5.jpeg
323,Kyle,https://sdc-reviews-styels.s3-us-west-1.amazonaws.com/1.jpeg
324,Ben,https://sdc-reviews-styels.s3-us-west-1.amazonaws.com/6.jpeg
325,Dianna,https://sdc-reviews-styels.s3-us-west-1.amazonaws.com/3.jpeg
326,Ben,https://sdc-reviews-styels.s3-us-west-1.amazonaws.com/1.jpeg
327,Barry,https://sdc-reviews-styels.s3-us-west-1.amazonaws.com/8.jpeg
328,Jonn,https://sdc-reviews-styels.s3-us-west-1.amazonaws.com/3.jpeg
329,Clark,https://sdc-reviews-styels.s3-us-west-1.amazonaws.com/5.jpeg
330,Bruce,https://sdc-reviews-styels.s3-us-west-1.amazonaws.com/7.jpeg
331,Michael,https://sdc-reviews-styels.s3-us-west-1.amazonaws.com/2.jpeg
332,Kyle,https://sdc-reviews-styels.s3-us-west-1.amazonaws.com/6.jpeg
333,Jay,https://sdc-reviews-styels.s3-us-west-1.amazonaws.com/3.jpeg
334,Bruce,https://sdc-reviews-styels.s3-us-west-1.amazonaws.com/6.jpeg
335,Ben,https://sdc-reviews-styels.s3-us-west-1.amazonaws.com/3.jpeg
336,Bruce,https://sdc-reviews-styels.s3-us-west-1.amazonaws.com/3.jpeg
337,Eleen,https://sdc-reviews-styels.s3-us-west-1.amazonaws.com/4.jpeg
338,Jonn,https://sdc-reviews-styels.s3-us-west-1.amazonaws.com/5.jpeg
339,Bruce,https://sdc-reviews-styels.s3-us-west-1.amazonaws.com/2.jpeg
340,Johann,https://sdc-reviews-styels.s3-us-west-1.amazonaws.com/4.jpeg
341,Michael,https://sdc-reviews-styels.s3-us-west-1.amazonaws.com/3.jpeg
342,Jay,https://sdc-reviews-styels.s3-us-west-1.amazonaws.com/8.jpeg
343,Dianna,https://sdc-reviews-styels.s3-us-west-1.amazonaws.com/5.jpeg
344,Jonn,https://sdc-reviews-styels.s3-us-west-1.amazonaws.com/8.jpeg
345,Arthur,https://sdc-reviews-styels.s3-us-west-1.amazonaws.com/3.jpeg
346,Michael,https://sdc-reviews-styels.s3-us-west-1.amazonaws.com/7.jpeg
347,Eleen,https://sdc-reviews-styels.s3-us-west-1.amazonaws.com/5.jpeg
348,Michael,https://sdc-reviews-styels.s3-us-west-1.amazonaws.com/5.jpeg
349,Clark,https://sdc-reviews-styels.s3-us-west-1.amazonaws.com/4.jpeg
350,Jay,https://sdc-reviews-styels.s3-us-west-1.amazonaws.com/7.jpeg
351,Clark,https://sdc-reviews-styels.s3-us-west-1.amazonaws.com/8.jpeg
352,Jonn,https://sdc-reviews-styels.s3-us-west-1.amazonaws.com/7.jpeg
353,Johann,https://sdc-reviews-styels.s3-us-west-1.amazonaws.com/2.jpeg
354,Barry,https://sdc-reviews-styels.s3-us-west-1.amazonaws.com/2.jpeg
355,Johann,https://sdc-reviews-styels.s3-us-west-1.amazonaws.com/3.jpeg
356,Eleen,https://sdc-reviews-styels.s3-us-west-1.amazonaws.com/5.jpeg
357,Barry,https://sdc-reviews-styels.s3-us-west-1.amazonaws.com/5.jpeg
358,Ben,https://sdc-reviews-styels.s3-us-west-1.amazonaws.com/7.jpeg
359,Johann,https://sdc-reviews-styels.s3-us-west-1.amazonaws.com/2.jpeg
360,Eleen,https://sdc-reviews-styels.s3-us-west-1.amazonaws.com/3.jpeg
361,Kyle,https://sdc-reviews-styels.s3-us-west-1.amazonaws.com/1.jpeg
362,Jonn,https://sdc-reviews-styels.s3-us-west-1.amazonaws.com/2.jpeg
363,Barry,https://sdc-reviews-styels.s3-us-west-1.amazonaws.com/7.jpeg
364,Clark,https://sdc-reviews-styels.s3-us-west-1.amazonaws.com/5.jpeg
365,Eleen,https://sdc-reviews-styels.s3-us-west-1.amazonaws.com/2.jpeg
366,Dianna,https://sdc-reviews-styels.s3-us-west-1.amazonaws.com/6.jpeg
367,Michael,https://sdc-reviews-styels.s3-us-west-1.amazonaws.com/5.jpeg
368,Arthur,https://sdc-reviews-styels.s3-us-west-1.amazonaws.com/8.jpeg
369,Arthur,https://sdc-reviews-styels.s3-us-west-1.amazonaws.com/2.jpeg
370,Jonn,https://sdc-reviews-styels.s3-us-west-1.amazonaws.com/2.jpeg
371,Bruce,https://sdc-reviews-styels.s3-us-west-1.amazonaws.com/7.jpeg
372,Michael,https://sdc-reviews-styels.s3-us-west-1.amazonaws.com/4.jpeg
373,Eleen,https://sdc-reviews-styels.s3-us-west-1.amazonaws.com/6.jpeg
374,Michael,https://sdc-reviews-styels.s3-us-west-1.amazonaws.com/5.jpeg
375,Wally,https://sdc-reviews-styels.s3-us-west-1.amazonaws.com/6.jpeg
376,Michael,https://sdc-reviews-styels.s3-us-west-1.amazonaws.com/5.jpeg
377,Dianna,https://sdc-reviews-styels.s3-us-west-1.amazonaws.com/4.jpeg
378,Eleen,https://sdc-reviews-styels.s3-us-west-1.amazonaws.com/6.jpeg
379,Arthur,https://sdc-reviews-styels.s3-us-west-1.amazonaws.com/8.jpeg
380,Clark,https://sdc-reviews-styels.s3-us-west-1.amazonaws.com/7.jpeg
381,Dianna,https://sdc-reviews-styels.s3-us-west-1.amazonaws.com/1.jpeg
382,Bruce,https://sdc-reviews-styels.s3-us-west-1.amazonaws.com/1.jpeg
383,Johann,https://sdc-reviews-styels.s3-us-west-1.amazonaws.com/7.jpeg
384,Ben,https://sdc-reviews-styels.s3-us-west-1.amazonaws.com/8.jpeg
385,Kyle,https://sdc-reviews-styels.s3-us-west-1.amazonaws.com/5.jpeg
386,Ben,https://sdc-reviews-styels.s3-us-west-1.amazonaws.com/1.jpeg
387,Clark,https://sdc-reviews-styels.s3-us-west-1.amazonaws.com/8.jpeg
388,Jay,https://sdc-reviews-styels.s3-us-west-1.amazonaws.com/2.jpeg
389,Eleen,https://sdc-reviews-styels.s3-us-west-1.amazonaws.com/2.jpeg
390,Michael,https://sdc-reviews-styels.s3-us-west-1.amazonaws.com/7.jpeg
391,Jay,https://sdc-reviews-styels.s3-us-west-1.amazonaws.com/5.jpeg
392,Bruce,https://sdc-reviews-styels.s3-us-west-1.amazonaws.com/8.jpeg
393,Arthur,https://sdc-reviews-styels.s3-us-west-1.amazonaws.com/8.jpeg
394,Jay,https://sdc-reviews-styels.s3-us-west-1.amazonaws.com/5.jpeg
395,Bruce,https://sdc-reviews-styels.s3-us-west-1.amazonaws.com/3.jpeg
396,Bruce,https://sdc-reviews-styels.s3-us-west-1.amazonaws.com/2.jpeg
397,Arthur,https://sdc-reviews-styels.s3-us-west-1.amazonaws.com/1.jpeg
398,Johann,https://sdc-reviews-styels.s3-us-west-1.amazonaws.com/6.jpeg
399,Eleen,https://sdc-reviews-styels.s3-us-west-1.amazonaws.com/5.jpeg
400,Dianna,https://sdc-reviews-styels.s3-us-west-1.amazonaws.com/4.jpeg
401,Jonn,https://sdc-reviews-styels.s3-us-west-1.amazonaws.com/5.jpeg
402,Barry,https://sdc-reviews-styels.s3-us-west-1.amazonaws.com/7.jpeg
403,Bruce,https://sdc-reviews-styels.s3-us-west-1.amazonaws.com/6.jpeg
404,Clark,https://sdc-reviews-styels.s3-us-west-1.amazonaws.com/5.jpeg
405,Clark,https://sdc-reviews-styels.s3-us-west-1.amazonaws.com/1.jpeg
406,Kyle,https://sdc-reviews-styels.s3-us-west-1.amazonaws.com/5.jpeg
407,Eleen,https://sdc-reviews-styels.s3-us-west-1.amazonaws.com/2.jpeg
408,Clark,https://sdc-reviews-styels.s3-us-west-1.amazonaws.com/7.jpeg
409,Barry,https://sdc-reviews-styels.s3-us-west-1.amazonaws.com/2.jpeg
410,Arthur,https://sdc-reviews-styels.s3-us-west-1.amazonaws.com/3.jpeg
411,Jay,https://sdc-reviews-styels.s3-us-west-1.amazonaws.com/1.jpeg
412,Barry,https://sdc-reviews-styels.s3-us-west-1.amazonaws.com/5.jpeg
413,Bruce,https://sdc-reviews-styels.s3-us-west-1.amazonaws.com/1.jpeg
414,Jay,https://sdc-reviews-styels.s3-us-west-1.amazonaws.com/3.jpeg
415,Johann,https://sdc-reviews-styels.s3-us-west-1.amazonaws.com/6.jpeg
416,Dianna,https://sdc-reviews-styels.s3-us-west-1.amazonaws.com/6.jpeg
417,Bruce,https://sdc-reviews-styels.s3-us-west-1.amazonaws.com/5.jpeg
418,Clark,https://sdc-reviews-styels.s3-us-west-1.amazonaws.com/5.jpeg
419,Arthur,https://sdc-reviews-styels.s3-us-west-1.amazonaws.com/2.jpeg
420,Dianna,https://sdc-reviews-styels.s3-us-west-1.amazonaws.com/5.jpeg
421,Johann,https://sdc-reviews-styels.s3-us-west-1.amazonaws.com/1.jpeg
422,Jonn,https://sdc-reviews-styels.s3-us-west-1.amazonaws.com/7.jpeg
423,Arthur,https://sdc-reviews-styels.s3-us-west-1.amazonaws.com/5.jpeg
424,Johann,https://sdc-reviews-styels.s3-us-west-1.amazonaws.com/8.jpeg
425,Barry,https://sdc-reviews-styels.s3-us-west-1.amazonaws.com/1.jpeg
426,Ben,https://sdc-reviews-styels.s3-us-west-1.amazonaws.com/7.jpeg
427,Eleen,https://sdc-reviews-styels.s3-us-west-1.amazonaws.com/8.jpeg
428,Johann,https://sdc-reviews-styels.s3-us-west-1.amazonaws.com/1.jpeg
429,Michael,https://sdc-reviews-styels.s3-us-west-1.amazonaws.com/5.jpeg
430,Eleen,https://sdc-reviews-styels.s3-us-west-1.amazonaws.com/4.jpeg
431,Eleen,https://sdc-reviews-styels.s3-us-west-1.amazonaws.com/1.jpeg
432,Clark,https://sdc-reviews-styels.s3-us-west-1.amazonaws.com/3.jpeg
433,Wally,https://sdc-reviews-styels.s3-us-west-1.amazonaws.com/1.jpeg
434,Michael,https://sdc-reviews-styels.s3-us-west-1.amazonaws.com/5.jpeg
435,Clark,https://sdc-reviews-styels.s3-us-west-1.amazonaws.com/8.jpeg
436,Eleen,https://sdc-reviews-styels.s3-us-west-1.amazonaws.com/5.jpeg
437,Jonn,https://sdc-reviews-styels.s3-us-west-1.amazonaws.com/2.jpeg
438,Clark,https://sdc-reviews-styels.s3-us-west-1.amazonaws.com/4.jpeg
439,Wally,https://sdc-reviews-styels.s3-us-west-1.amazonaws.com/6.jpeg
440,Jay,https://sdc-reviews-styels.s3-us-west-1.amazonaws.com/2.jpeg
441,Kyle,https://sdc-reviews-styels.s3-us-west-1.amazonaws.com/7.jpeg
442,Jonn,https://sdc-reviews-styels.s3-us-west-1.amazonaws.com/8.jpeg
443,Bruce,https://sdc-reviews-styels.s3-us-west-1.amazonaws.com/2.jpeg
444,Johann,https://sdc-reviews-styels.s3-us-west-1.amazonaws.com/5.jpeg
445,Jonn,https://sdc-reviews-styels.s3-us-west-1.amazonaws.com/8.jpeg
446,Johann,https://sdc-reviews-styels.s3-us-west-1.amazonaws.com/7.jpeg
447,Bruce,https://sdc-reviews-styels.s3-us-west-1.amazonaws.com/7.jpeg
448,Kyle,https://sdc-reviews-styels.s3-us-west-1.amazonaws.com/3.jpeg
449,Ben,https://sdc-reviews-styels.s3-us-west-1.amazonaws.com/3.jpeg
450,Ben,https://sdc-reviews-styels.s3-us-west-1.amazonaws.com/1.jpeg
451,Ben,https://sdc-reviews-styels.s3-us-west-1.amazonaws.com/3.jpeg
452,Clark,https://sdc-reviews-styels.s3-us-west-1.amazonaws.com/6.jpeg
453,Jay,https://sdc-reviews-styels.s3-us-west-1.amazonaws.com/5.jpeg
454,Clark,https://sdc-reviews-styels.s3-us-west-1.amazonaws.com/3.jpeg
455,Johann,https://sdc-reviews-styels.s3-us-west-1.amazonaws.com/7.jpeg
456,Michael,https://sdc-reviews-styels.s3-us-west-1.amazonaws.com/4.jpeg
457,Michael,https://sdc-reviews-styels.s3-us-west-1.amazonaws.com/6.jpeg
458,Jay,https://sdc-reviews-styels.s3-us-west-1.amazonaws.com/2.jpeg
459,Clark,https://sdc-reviews-styels.s3-us-west-1.amazonaws.com/6.jpeg
460,Jonn,https://sdc-reviews-styels.s3-us-west-1.amazonaws.com/1.jpeg
461,Eleen,https://sdc-reviews-styels.s3-us-west-1.amazonaws.com/5.jpeg
462,Eleen,https://sdc-reviews-styels.s3-us-west-1.amazonaws.com/1.jpeg
463,Johann,https://sdc-reviews-styels.s3-us-west-1.amazonaws.com/5.jpeg
464,Jonn,https://sdc-reviews-styels.s3-us-west-1.amazonaws.com/7.jpeg
465,Arthur,https://sdc-reviews-styels.s3-us-west-1.amazonaws.com/4.jpeg
466,Clark,https://sdc-reviews-styels.s3-us-west-1.amazonaws.com/2.jpeg
467,Arthur,https://sdc-reviews-styels.s3-us-west-1.amazonaws.com/2.jpeg
468,Dianna,https://sdc-reviews-styels.s3-us-west-1.amazonaws.com/5.jpeg
469,Arthur,https://sdc-reviews-styels.s3-us-west-1.amazonaws.com/3.jpeg
470,Eleen,https://sdc-reviews-styels.s3-us-west-1.amazonaws.com/1.jpeg
471,Wally,https://sdc-reviews-styels.s3-us-west-1.amazonaws.com/8.jpeg
472,Barry,https://sdc-reviews-styels.s3-us-west-1.amazonaws.com/8.jpeg
473,Arthur,https://sdc-reviews-styels.s3-us-west-1.amazonaws.com/2.jpeg
474,Michael,https://sdc-reviews-styels.s3-us-west-1.amazonaws.com/3.jpeg
475,Barry,https://sdc-reviews-styels.s3-us-west-1.amazonaws.com/2.jpeg
476,Jay,https://sdc-reviews-styels.s3-us-west-1.amazonaws.com/1.jpeg
477,Wally,https://sdc-reviews-styels.s3-us-west-1.amazonaws.com/5.jpeg
478,Clark,https://sdc-reviews-styels.s3-us-west-1.amazonaws.com/2.jpeg
479,Bruce,https://sdc-reviews-styels.s3-us-west-1.amazonaws.com/6.jpeg
480,Clark,https://sdc-reviews-styels.s3-us-west-1.amazonaws.com/5.jpeg
481,Johann,https://sdc-reviews-styels.s3-us-west-1.amazonaws.com/5.jpeg
482,Clark,https://sdc-reviews-styels.s3-us-west-1.amazonaws.com/6.jpeg
483,Kyle,https://sdc-reviews-styels.s3-us-west-1.amazonaws.com/4.jpeg
484,Barry,https://sdc-reviews-styels.s3-us-west-1.amazonaws.com/8.jpeg
485,Ben,https://sdc-reviews-styels.s3-us-west-1.amazonaws.com/3.jpeg
486,Johann,https://sdc-reviews-styels.s3-us-west-1.amazonaws.com/1.jpeg
487,Bruce,https://sdc-reviews-styels.s3-us-west-1.amazonaws.com/5.jpeg
488,Wally,https://sdc-reviews-styels.s3-us-west-1.amazonaws.com/2.jpeg
489,Barry,https://sdc-reviews-styels.s3-us-west-1.amazonaws.com/4.jpeg
490,Jay,https://sdc-reviews-styels.s3-us-west-1.amazonaws.com/8.jpeg
491,Clark,https://sdc-reviews-styels.s3-us-west-1.amazonaws.com/1.jpeg
492,Kyle,https://sdc-reviews-styels.s3-us-west-1.amazonaws.com/5.jpeg
493,Arthur,https://sdc-reviews-styels.s3-us-west-1.amazonaws.com/7.jpeg
494,Bruce,https://sdc-reviews-styels.s3-us-west-1.amazonaws.com/2.jpeg
495,Dianna,https://sdc-reviews-styels.s3-us-west-1.amazonaws.com/1.jpeg
496,Jonn,https://sdc-reviews-styels.s3-us-west-1.amazonaws.com/5.jpeg
497,Jonn,https://sdc-reviews-styels.s3-us-west-1.amazonaws.com/4.jpeg
498,Ben,https://sdc-reviews-styels.s3-us-west-1.amazonaws.com/2.jpeg
499,Wally,https://sdc-reviews-styels.s3-us-west-1.amazonaws.com/3.jpeg
500,Jonn,https://sdc-reviews-styels.s3-us-west-1.amazonaws.com/1.jpeg
501,Barry,https://sdc-reviews-styels.s3-us-west-1.amazonaws.com/3.jpeg
502,Ben,https://sdc-reviews-styels.s3-us-west-1.amazonaws.com/5.jpeg
503,Wally,https://sdc-reviews-styels.s3-us-west-1.amazonaws.com/1.jpeg
504,Ben,https://sdc-reviews-styels.s3-us-west-1.amazonaws.com/7.jpeg
505,Bruce,https://sdc-reviews-styels.s3-us-west-1.amazonaws.com/8.jpeg
506,Ben,https://sdc-reviews-styels.s3-us-west-1.amazonaws.com/6.jpeg
507,Michael,https://sdc-reviews-styels.s3-us-west-1.amazonaws.com/4.jpeg
508,Dianna,https://sdc-reviews-styels.s3-us-west-1.amazonaws.com/8.jpeg
509,Kyle,https://sdc-reviews-styels.s3-us-west-1.amazonaws.com/6.jpeg
510,Arthur,https://sdc-reviews-styels.s3-us-west-1.amazonaws.com/6.jpeg
511,Bruce,https://sdc-reviews-styels.s3-us-west-1.amazonaws.com/3.jpeg
512,Ben,https://sdc-reviews-styels.s3-us-west-1.amazonaws.com/5.jpeg
513,Wally,https://sdc-reviews-styels.s3-us-west-1.amazonaws.com/5.jpeg
514,Bruce,https://sdc-reviews-styels.s3-us-west-1.amazonaws.com/7.jpeg
515,Jonn,https://sdc-reviews-styels.s3-us-west-1.amazonaws.com/1.jpeg
516,Bruce,https://sdc-reviews-styels.s3-us-west-1.amazonaws.com/7.jpeg
517,Eleen,https://sdc-reviews-styels.s3-us-west-1.amazonaws.com/6.jpeg
518,Eleen,https://sdc-reviews-styels.s3-us-west-1.amazonaws.com/6.jpeg
519,Clark,https://sdc-reviews-styels.s3-us-west-1.amazonaws.com/3.jpeg
520,Arthur,https://sdc-reviews-styels.s3-us-west-1.amazonaws.com/1.jpeg
521,Bruce,https://sdc-reviews-styels.s3-us-west-1.amazonaws.com/1.jpeg
522,Michael,https://sdc-reviews-styels.s3-us-west-1.amazonaws.com/2.jpeg
523,Clark,https://sdc-reviews-styels.s3-us-west-1.amazonaws.com/8.jpeg
524,Johann,https://sdc-reviews-styels.s3-us-west-1.amazonaws.com/6.jpeg
525,Jay,https://sdc-reviews-styels.s3-us-west-1.amazonaws.com/5.jpeg
526,Ben,https://sdc-reviews-styels.s3-us-west-1.amazonaws.com/3.jpeg
527,Dianna,https://sdc-reviews-styels.s3-us-west-1.amazonaws.com/7.jpeg
528,Arthur,https://sdc-reviews-styels.s3-us-west-1.amazonaws.com/5.jpeg
529,Eleen,https://sdc-reviews-styels.s3-us-west-1.amazonaws.com/8.jpeg
530,Bruce,https://sdc-reviews-styels.s3-us-west-1.amazonaws.com/3.jpeg
531,Johann,https://sdc-reviews-styels.s3-us-west-1.amazonaws.com/4.jpeg
532,Barry,https://sdc-reviews-styels.s3-us-west-1.amazonaws.com/4.jpeg
533,Kyle,https://sdc-reviews-styels.s3-us-west-1.amazonaws.com/7.jpeg
534,Dianna,https://sdc-reviews-styels.s3-us-west-1.amazonaws.com/3.jpeg
535,Arthur,https://sdc-reviews-styels.s3-us-west-1.amazonaws.com/2.jpeg
536,Wally,https://sdc-reviews-styels.s3-us-west-1.amazonaws.com/7.jpeg
537,Ben,https://sdc-reviews-styels.s3-us-west-1.amazonaws.com/4.jpeg
538,Arthur,https://sdc-reviews-styels.s3-us-west-1.amazonaws.com/6.jpeg
539,Johann,https://sdc-reviews-styels.s3-us-west-1.amazonaws.com/1.jpeg
540,Michael,https://sdc-reviews-styels.s3-us-west-1.amazonaws.com/6.jpeg
541,Dianna,https://sdc-reviews-styels.s3-us-west-1.amazonaws.com/3.jpeg
542,Bruce,https://sdc-reviews-styels.s3-us-west-1.amazonaws.com/6.jpeg
543,Clark,https://sdc-reviews-styels.s3-us-west-1.amazonaws.com/4.jpeg
544,Arthur,https://sdc-reviews-styels.s3-us-west-1.amazonaws.com/6.jpeg
545,Michael,https://sdc-reviews-styels.s3-us-west-1.amazonaws.com/5.jpeg
546,Jonn,https://sdc-reviews-styels.s3-us-west-1.amazonaws.com/2.jpeg
547,Johann,https://sdc-reviews-styels.s3-us-west-1.amazonaws.com/7.jpeg
548,Kyle,https://sdc-reviews-styels.s3-us-west-1.amazonaws.com/7.jpeg
549,Michael,https://sdc-reviews-styels.s3-us-west-1.amazonaws.com/7.jpeg
550,Kyle,https://sdc-reviews-styels.s3-us-west-1.amazonaws.com/6.jpeg
551,Arthur,https://sdc-reviews-styels.s3-us-west-1.amazonaws.com/8.jpeg
552,Bruce,https://sdc-reviews-styels.s3-us-west-1.amazonaws.com/8.jpeg
553,Arthur,https://sdc-reviews-styels.s3-us-west-1.amazonaws.com/3.jpeg
554,Barry,https://sdc-reviews-styels.s3-us-west-1.amazonaws.com/6.jpeg
555,Kyle,https://sdc-reviews-styels.s3-us-west-1.amazonaws.com/1.jpeg
556,Arthur,https://sdc-reviews-styels.s3-us-west-1.amazonaws.com/3.jpeg
557,Bruce,https://sdc-reviews-styels.s3-us-west-1.amazonaws.com/7.jpeg
558,Wally,https://sdc-reviews-styels.s3-us-west-1.amazonaws.com/4.jpeg
559,Barry,https://sdc-reviews-styels.s3-us-west-1.amazonaws.com/6.jpeg
560,Jonn,https://sdc-reviews-styels.s3-us-west-1.amazonaws.com/4.jpeg
561,Jay,https://sdc-reviews-styels.s3-us-west-1.amazonaws.com/7.jpeg
562,Clark,https://sdc-reviews-styels.s3-us-west-1.amazonaws.com/8.jpeg
563,Wally,https://sdc-reviews-styels.s3-us-west-1.amazonaws.com/4.jpeg
564,Ben,https://sdc-reviews-styels.s3-us-west-1.amazonaws.com/7.jpeg
565,Wally,https://sdc-reviews-styels.s3-us-west-1.amazonaws.com/1.jpeg
566,Clark,https://sdc-reviews-styels.s3-us-west-1.amazonaws.com/4.jpeg
567,Eleen,https://sdc-reviews-styels.s3-us-west-1.amazonaws.com/2.jpeg
568,Jay,https://sdc-reviews-styels.s3-us-west-1.amazonaws.com/7.jpeg
569,Michael,https://sdc-reviews-styels.s3-us-west-1.amazonaws.com/6.jpeg
570,Bruce,https://sdc-reviews-styels.s3-us-west-1.amazonaws.com/2.jpeg
571,Dianna,https://sdc-reviews-styels.s3-us-west-1.amazonaws.com/1.jpeg
572,Eleen,https://sdc-reviews-styels.s3-us-west-1.amazonaws.com/7.jpeg
573,Jonn,https://sdc-reviews-styels.s3-us-west-1.amazonaws.com/1.jpeg
574,Ben,https://sdc-reviews-styels.s3-us-west-1.amazonaws.com/2.jpeg
575,Eleen,https://sdc-reviews-styels.s3-us-west-1.amazonaws.com/1.jpeg
576,Barry,https://sdc-reviews-styels.s3-us-west-1.amazonaws.com/8.jpeg
577,Barry,https://sdc-reviews-styels.s3-us-west-1.amazonaws.com/5.jpeg
578,Ben,https://sdc-reviews-styels.s3-us-west-1.amazonaws.com/4.jpeg
579,Kyle,https://sdc-reviews-styels.s3-us-west-1.amazonaws.com/1.jpeg
580,Kyle,https://sdc-reviews-styels.s3-us-west-1.amazonaws.com/7.jpeg
581,Jay,https://sdc-reviews-styels.s3-us-west-1.amazonaws.com/7.jpeg
582,Barry,https://sdc-reviews-styels.s3-us-west-1.amazonaws.com/2.jpeg
583,Kyle,https://sdc-reviews-styels.s3-us-west-1.amazonaws.com/5.jpeg
584,Michael,https://sdc-reviews-styels.s3-us-west-1.amazonaws.com/5.jpeg
585,Johann,https://sdc-reviews-styels.s3-us-west-1.amazonaws.com/7.jpeg
586,Barry,https://sdc-reviews-styels.s3-us-west-1.amazonaws.com/2.jpeg
587,Ben,https://sdc-reviews-styels.s3-us-west-1.amazonaws.com/2.jpeg
588,Johann,https://sdc-reviews-styels.s3-us-west-1.amazonaws.com/2.jpeg
589,Arthur,https://sdc-reviews-styels.s3-us-west-1.amazonaws.com/1.jpeg
590,Barry,https://sdc-reviews-styels.s3-us-west-1.amazonaws.com/6.jpeg
591,Clark,https://sdc-reviews-styels.s3-us-west-1.amazonaws.com/6.jpeg
592,Johann,https://sdc-reviews-styels.s3-us-west-1.amazonaws.com/1.jpeg
593,Michael,https://sdc-reviews-styels.s3-us-west-1.amazonaws.com/7.jpeg
594,Jay,https://sdc-reviews-styels.s3-us-west-1.amazonaws.com/7.jpeg
595,Michael,https://sdc-reviews-styels.s3-us-west-1.amazonaws.com/4.jpeg
596,Johann,https://sdc-reviews-styels.s3-us-west-1.amazonaws.com/5.jpeg
597,Johann,https://sdc-reviews-styels.s3-us-west-1.amazonaws.com/5.jpeg
598,Wally,https://sdc-reviews-styels.s3-us-west-1.amazonaws.com/3.jpeg
599,Arthur,https://sdc-reviews-styels.s3-us-west-1.amazonaws.com/6.jpeg
600,Ben,https://sdc-reviews-styels.s3-us-west-1.amazonaws.com/8.jpeg
601,Barry,https://sdc-reviews-styels.s3-us-west-1.amazonaws.com/5.jpeg
602,Jonn,https://sdc-reviews-styels.s3-us-west-1.amazonaws.com/5.jpeg
603,Michael,https://sdc-reviews-styels.s3-us-west-1.amazonaws.com/8.jpeg
604,Jay,https://sdc-reviews-styels.s3-us-west-1.amazonaws.com/3.jpeg
605,Clark,https://sdc-reviews-styels.s3-us-west-1.amazonaws.com/5.jpeg
606,Eleen,https://sdc-reviews-styels.s3-us-west-1.amazonaws.com/3.jpeg
607,Johann,https://sdc-reviews-styels.s3-us-west-1.amazonaws.com/4.jpeg
608,Kyle,https://sdc-reviews-styels.s3-us-west-1.amazonaws.com/8.jpeg
609,Jay,https://sdc-reviews-styels.s3-us-west-1.amazonaws.com/4.jpeg
610,Jay,https://sdc-reviews-styels.s3-us-west-1.amazonaws.com/5.jpeg
611,Wally,https://sdc-reviews-styels.s3-us-west-1.amazonaws.com/7.jpeg
612,Bruce,https://sdc-reviews-styels.s3-us-west-1.amazonaws.com/5.jpeg
613,Wally,https://sdc-reviews-styels.s3-us-west-1.amazonaws.com/1.jpeg
614,Eleen,https://sdc-reviews-styels.s3-us-west-1.amazonaws.com/2.jpeg
615,Kyle,https://sdc-reviews-styels.s3-us-west-1.amazonaws.com/5.jpeg
616,Bruce,https://sdc-reviews-styels.s3-us-west-1.amazonaws.com/4.jpeg
617,Arthur,https://sdc-reviews-styels.s3-us-west-1.amazonaws.com/2.jpeg
618,Wally,https://sdc-reviews-styels.s3-us-west-1.amazonaws.com/8.jpeg
619,Jonn,https://sdc-reviews-styels.s3-us-west-1.amazonaws.com/3.jpeg
620,Kyle,https://sdc-reviews-styels.s3-us-west-1.amazonaws.com/4.jpeg
621,Dianna,https://sdc-reviews-styels.s3-us-west-1.amazonaws.com/7.jpeg
622,Dianna,https://sdc-reviews-styels.s3-us-west-1.amazonaws.com/3.jpeg
623,Wally,https://sdc-reviews-styels.s3-us-west-1.amazonaws.com/2.jpeg
624,Wally,https://sdc-reviews-styels.s3-us-west-1.amazonaws.com/3.jpeg
625,Clark,https://sdc-reviews-styels.s3-us-west-1.amazonaws.com/7.jpeg
626,Wally,https://sdc-reviews-styels.s3-us-west-1.amazonaws.com/4.jpeg
627,Eleen,https://sdc-reviews-styels.s3-us-west-1.amazonaws.com/8.jpeg
628,Bruce,https://sdc-reviews-styels.s3-us-west-1.amazonaws.com/4.jpeg
629,Michael,https://sdc-reviews-styels.s3-us-west-1.amazonaws.com/1.jpeg
630,Johann,https://sdc-reviews-styels.s3-us-west-1.amazonaws.com/7.jpeg
631,Kyle,https://sdc-reviews-styels.s3-us-west-1.amazonaws.com/4.jpeg
632,Clark,https://sdc-reviews-styels.s3-us-west-1.amazonaws.com/1.jpeg
633,Jonn,https://sdc-reviews-styels.s3-us-west-1.amazonaws.com/2.jpeg
634,Jonn,https://sdc-reviews-styels.s3-us-west-1.amazonaws.com/5.jpeg
635,Bruce,https://sdc-reviews-styels.s3-us-west-1.amazonaws.com/5.jpeg
636,Clark,https://sdc-reviews-styels.s3-us-west-1.amazonaws.com/1.jpeg
637,Barry,https://sdc-reviews-styels.s3-us-west-1.amazonaws.com/2.jpeg
638,Kyle,https://sdc-reviews-styels.s3-us-west-1.amazonaws.com/2.jpeg
639,Michael,https://sdc-reviews-styels.s3-us-west-1.amazonaws.com/1.jpeg
640,Bruce,https://sdc-reviews-styels.s3-us-west-1.amazonaws.com/7.jpeg
641,Eleen,https://sdc-reviews-styels.s3-us-west-1.amazonaws.com/6.jpeg
642,Bruce,https://sdc-reviews-styels.s3-us-west-1.amazonaws.com/2.jpeg
643,Jonn,https://sdc-reviews-styels.s3-us-west-1.amazonaws.com/4.jpeg
644,Arthur,https://sdc-reviews-styels.s3-us-west-1.amazonaws.com/6.jpeg
645,Michael,https://sdc-reviews-styels.s3-us-west-1.amazonaws.com/2.jpeg
646,Jonn,https://sdc-reviews-styels.s3-us-west-1.amazonaws.com/7.jpeg
647,Johann,https://sdc-reviews-styels.s3-us-west-1.amazonaws.com/1.jpeg
648,Johann,https://sdc-reviews-styels.s3-us-west-1.amazonaws.com/4.jpeg
649,Johann,https://sdc-reviews-styels.s3-us-west-1.amazonaws.com/2.jpeg
650,Bruce,https://sdc-reviews-styels.s3-us-west-1.amazonaws.com/6.jpeg
651,Clark,https://sdc-reviews-styels.s3-us-west-1.amazonaws.com/5.jpeg
652,Eleen,https://sdc-reviews-styels.s3-us-west-1.amazonaws.com/3.jpeg
653,Johann,https://sdc-reviews-styels.s3-us-west-1.amazonaws.com/8.jpeg
654,Kyle,https://sdc-reviews-styels.s3-us-west-1.amazonaws.com/3.jpeg
655,Kyle,https://sdc-reviews-styels.s3-us-west-1.amazonaws.com/5.jpeg
656,Wally,https://sdc-reviews-styels.s3-us-west-1.amazonaws.com/1.jpeg
657,Kyle,https://sdc-reviews-styels.s3-us-west-1.amazonaws.com/1.jpeg
658,Dianna,https://sdc-reviews-styels.s3-us-west-1.amazonaws.com/7.jpeg
659,Eleen,https://sdc-reviews-styels.s3-us-west-1.amazonaws.com/2.jpeg
660,Dianna,https://sdc-reviews-styels.s3-us-west-1.amazonaws.com/2.jpeg
661,Dianna,https://sdc-reviews-styels.s3-us-west-1.amazonaws.com/7.jpeg
662,Dianna,https://sdc-reviews-styels.s3-us-west-1.amazonaws.com/2.jpeg
663,Barry,https://sdc-reviews-styels.s3-us-west-1.amazonaws.com/5.jpeg
664,Jay,https://sdc-reviews-styels.s3-us-west-1.amazonaws.com/6.jpeg
665,Ben,https://sdc-reviews-styels.s3-us-west-1.amazonaws.com/4.jpeg
666,Jay,https://sdc-reviews-styels.s3-us-west-1.amazonaws.com/6.jpeg
667,Eleen,https://sdc-reviews-styels.s3-us-west-1.amazonaws.com/6.jpeg
668,Dianna,https://sdc-reviews-styels.s3-us-west-1.amazonaws.com/4.jpeg
669,Barry,https://sdc-reviews-styels.s3-us-west-1.amazonaws.com/2.jpeg
670,Dianna,https://sdc-reviews-styels.s3-us-west-1.amazonaws.com/2.jpeg
671,Michael,https://sdc-reviews-styels.s3-us-west-1.amazonaws.com/8.jpeg
672,Kyle,https://sdc-reviews-styels.s3-us-west-1.amazonaws.com/4.jpeg
673,Wally,https://sdc-reviews-styels.s3-us-west-1.amazonaws.com/3.jpeg
674,Bruce,https://sdc-reviews-styels.s3-us-west-1.amazonaws.com/6.jpeg
675,Jay,https://sdc-reviews-styels.s3-us-west-1.amazonaws.com/4.jpeg
676,Dianna,https://sdc-reviews-styels.s3-us-west-1.amazonaws.com/2.jpeg
677,Bruce,https://sdc-reviews-styels.s3-us-west-1.amazonaws.com/6.jpeg
678,Eleen,https://sdc-reviews-styels.s3-us-west-1.amazonaws.com/4.jpeg
679,Jonn,https://sdc-reviews-styels.s3-us-west-1.amazonaws.com/2.jpeg
680,Jonn,https://sdc-reviews-styels.s3-us-west-1.amazonaws.com/3.jpeg
681,Clark,https://sdc-reviews-styels.s3-us-west-1.amazonaws.com/3.jpeg
682,Bruce,https://sdc-reviews-styels.s3-us-west-1.amazonaws.com/8.jpeg
683,Bruce,https://sdc-reviews-styels.s3-us-west-1.amazonaws.com/1.jpeg
684,Bruce,https://sdc-reviews-styels.s3-us-west-1.amazonaws.com/5.jpeg
685,Jonn,https://sdc-reviews-styels.s3-us-west-1.amazonaws.com/6.jpeg
686,Arthur,https://sdc-reviews-styels.s3-us-west-1.amazonaws.com/6.jpeg
687,Wally,https://sdc-reviews-styels.s3-us-west-1.amazonaws.com/3.jpeg
688,Johann,https://sdc-reviews-styels.s3-us-west-1.amazonaws.com/1.jpeg
689,Wally,https://sdc-reviews-styels.s3-us-west-1.amazonaws.com/5.jpeg
690,Jonn,https://sdc-reviews-styels.s3-us-west-1.amazonaws.com/2.jpeg
691,Jonn,https://sdc-reviews-styels.s3-us-west-1.amazonaws.com/5.jpeg
692,Johann,https://sdc-reviews-styels.s3-us-west-1.amazonaws.com/5.jpeg
693,Jonn,https://sdc-reviews-styels.s3-us-west-1.amazonaws.com/6.jpeg
694,Johann,https://sdc-reviews-styels.s3-us-west-1.amazonaws.com/1.jpeg
695,Wally,https://sdc-reviews-styels.s3-us-west-1.amazonaws.com/4.jpeg
696,Bruce,https://sdc-reviews-styels.s3-us-west-1.amazonaws.com/2.jpeg
697,Kyle,https://sdc-reviews-styels.s3-us-west-1.amazonaws.com/4.jpeg
698,Clark,https://sdc-reviews-styels.s3-us-west-1.amazonaws.com/8.jpeg
699,Ben,https://sdc-reviews-styels.s3-us-west-1.amazonaws.com/7.jpeg
700,Eleen,https://sdc-reviews-styels.s3-us-west-1.amazonaws.com/4.jpeg
701,Dianna,https://sdc-reviews-styels.s3-us-west-1.amazonaws.com/3.jpeg
702,Johann,https://sdc-reviews-styels.s3-us-west-1.amazonaws.com/6.jpeg
703,Clark,https://sdc-reviews-styels.s3-us-west-1.amazonaws.com/4.jpeg
704,Dianna,https://sdc-reviews-styels.s3-us-west-1.amazonaws.com/6.jpeg
705,Ben,https://sdc-reviews-styels.s3-us-west-1.amazonaws.com/5.jpeg
706,Wally,https://sdc-reviews-styels.s3-us-west-1.amazonaws.com/2.jpeg
707,Kyle,https://sdc-reviews-styels.s3-us-west-1.amazonaws.com/7.jpeg
708,Barry,https://sdc-reviews-styels.s3-us-west-1.amazonaws.com/2.jpeg
709,Jay,https://sdc-reviews-styels.s3-us-west-1.amazonaws.com/8.jpeg
710,Dianna,https://sdc-reviews-styels.s3-us-west-1.amazonaws.com/6.jpeg
711,Dianna,https://sdc-reviews-styels.s3-us-west-1.amazonaws.com/7.jpeg
712,Arthur,https://sdc-reviews-styels.s3-us-west-1.amazonaws.com/5.jpeg
713,Jay,https://sdc-reviews-styels.s3-us-west-1.amazonaws.com/6.jpeg
714,Jonn,https://sdc-reviews-styels.s3-us-west-1.amazonaws.com/5.jpeg
715,Ben,https://sdc-reviews-styels.s3-us-west-1.amazonaws.com/4.jpeg
716,Bruce,https://sdc-reviews-styels.s3-us-west-1.amazonaws.com/1.jpeg
717,Clark,https://sdc-reviews-styels.s3-us-west-1.amazonaws.com/7.jpeg
718,Ben,https://sdc-reviews-styels.s3-us-west-1.amazonaws.com/8.jpeg
719,Johann,https://sdc-reviews-styels.s3-us-west-1.amazonaws.com/6.jpeg
720,Wally,https://sdc-reviews-styels.s3-us-west-1.amazonaws.com/4.jpeg
721,Eleen,https://sdc-reviews-styels.s3-us-west-1.amazonaws.com/7.jpeg
722,Clark,https://sdc-reviews-styels.s3-us-west-1.amazonaws.com/7.jpeg
723,Johann,https://sdc-reviews-styels.s3-us-west-1.amazonaws.com/2.jpeg
724,Bruce,https://sdc-reviews-styels.s3-us-west-1.amazonaws.com/8.jpeg
725,Johann,https://sdc-reviews-styels.s3-us-west-1.amazonaws.com/4.jpeg
726,Arthur,https://sdc-reviews-styels.s3-us-west-1.amazonaws.com/1.jpeg
727,Wally,https://sdc-reviews-styels.s3-us-west-1.amazonaws.com/7.jpeg
728,Kyle,https://sdc-reviews-styels.s3-us-west-1.amazonaws.com/7.jpeg
729,Wally,https://sdc-reviews-styels.s3-us-west-1.amazonaws.com/1.jpeg
730,Michael,https://sdc-reviews-styels.s3-us-west-1.amazonaws.com/6.jpeg
731,Dianna,https://sdc-reviews-styels.s3-us-west-1.amazonaws.com/3.jpeg
732,Michael,https://sdc-reviews-styels.s3-us-west-1.amazonaws.com/1.jpeg
733,Dianna,https://sdc-reviews-styels.s3-us-west-1.amazonaws.com/2.jpeg
734,Jay,https://sdc-reviews-styels.s3-us-west-1.amazonaws.com/2.jpeg
735,Barry,https://sdc-reviews-styels.s3-us-west-1.amazonaws.com/7.jpeg
736,Kyle,https://sdc-reviews-styels.s3-us-west-1.amazonaws.com/8.jpeg
737,Barry,https://sdc-reviews-styels.s3-us-west-1.amazonaws.com/3.jpeg
738,Johann,https://sdc-reviews-styels.s3-us-west-1.amazonaws.com/4.jpeg
739,Eleen,https://sdc-reviews-styels.s3-us-west-1.amazonaws.com/3.jpeg
740,Arthur,https://sdc-reviews-styels.s3-us-west-1.amazonaws.com/7.jpeg
741,Eleen,https://sdc-reviews-styels.s3-us-west-1.amazonaws.com/4.jpeg
742,Arthur,https://sdc-reviews-styels.s3-us-west-1.amazonaws.com/8.jpeg
743,Kyle,https://sdc-reviews-styels.s3-us-west-1.amazonaws.com/6.jpeg
744,Ben,https://sdc-reviews-styels.s3-us-west-1.amazonaws.com/8.jpeg
745,Clark,https://sdc-reviews-styels.s3-us-west-1.amazonaws.com/2.jpeg
746,Kyle,https://sdc-reviews-styels.s3-us-west-1.amazonaws.com/3.jpeg
747,Clark,https://sdc-reviews-styels.s3-us-west-1.amazonaws.com/7.jpeg
748,Kyle,https://sdc-reviews-styels.s3-us-west-1.amazonaws.com/1.jpeg
749,Michael,https://sdc-reviews-styels.s3-us-west-1.amazonaws.com/8.jpeg
750,Ben,https://sdc-reviews-styels.s3-us-west-1.amazonaws.com/8.jpeg
751,Arthur,https://sdc-reviews-styels.s3-us-west-1.amazonaws.com/6.jpeg
752,Eleen,https://sdc-reviews-styels.s3-us-west-1.amazonaws.com/2.jpeg
753,Jonn,https://sdc-reviews-styels.s3-us-west-1.amazonaws.com/7.jpeg
754,Wally,https://sdc-reviews-styels.s3-us-west-1.amazonaws.com/1.jpeg
755,Bruce,https://sdc-reviews-styels.s3-us-west-1.amazonaws.com/4.jpeg
756,Jay,https://sdc-reviews-styels.s3-us-west-1.amazonaws.com/6.jpeg
757,Wally,https://sdc-reviews-styels.s3-us-west-1.amazonaws.com/6.jpeg
758,Michael,https://sdc-reviews-styels.s3-us-west-1.amazonaws.com/5.jpeg
759,Johann,https://sdc-reviews-styels.s3-us-west-1.amazonaws.com/4.jpeg
760,Eleen,https://sdc-reviews-styels.s3-us-west-1.amazonaws.com/4.jpeg
761,Arthur,https://sdc-reviews-styels.s3-us-west-1.amazonaws.com/3.jpeg
762,Ben,https://sdc-reviews-styels.s3-us-west-1.amazonaws.com/5.jpeg
763,Bruce,https://sdc-reviews-styels.s3-us-west-1.amazonaws.com/5.jpeg
764,Jay,https://sdc-reviews-styels.s3-us-west-1.amazonaws.com/6.jpeg
765,Ben,https://sdc-reviews-styels.s3-us-west-1.amazonaws.com/1.jpeg
766,Jonn,https://sdc-reviews-styels.s3-us-west-1.amazonaws.com/2.jpeg
767,Barry,https://sdc-reviews-styels.s3-us-west-1.amazonaws.com/7.jpeg
768,Dianna,https://sdc-reviews-styels.s3-us-west-1.amazonaws.com/5.jpeg
769,Michael,https://sdc-reviews-styels.s3-us-west-1.amazonaws.com/4.jpeg
770,Kyle,https://sdc-reviews-styels.s3-us-west-1.amazonaws.com/8.jpeg
771,Dianna,https://sdc-reviews-styels.s3-us-west-1.amazonaws.com/4.jpeg
772,Ben,https://sdc-reviews-styels.s3-us-west-1.amazonaws.com/3.jpeg
773,Wally,https://sdc-reviews-styels.s3-us-west-1.amazonaws.com/2.jpeg
774,Kyle,https://sdc-reviews-styels.s3-us-west-1.amazonaws.com/4.jpeg
775,Dianna,https://sdc-reviews-styels.s3-us-west-1.amazonaws.com/7.jpeg
776,Dianna,https://sdc-reviews-styels.s3-us-west-1.amazonaws.com/1.jpeg
777,Kyle,https://sdc-reviews-styels.s3-us-west-1.amazonaws.com/1.jpeg
778,Dianna,https://sdc-reviews-styels.s3-us-west-1.amazonaws.com/7.jpeg
779,Michael,https://sdc-reviews-styels.s3-us-west-1.amazonaws.com/6.jpeg
780,Dianna,https://sdc-reviews-styels.s3-us-west-1.amazonaws.com/2.jpeg
781,Dianna,https://sdc-reviews-styels.s3-us-west-1.amazonaws.com/3.jpeg
782,Arthur,https://sdc-reviews-styels.s3-us-west-1.amazonaws.com/1.jpeg
783,Wally,https://sdc-reviews-styels.s3-us-west-1.amazonaws.com/5.jpeg
784,Arthur,https://sdc-reviews-styels.s3-us-west-1.amazonaws.com/1.jpeg
785,Jay,https://sdc-reviews-styels.s3-us-west-1.amazonaws.com/6.jpeg
786,Wally,https://sdc-reviews-styels.s3-us-west-1.amazonaws.com/7.jpeg
787,Wally,https://sdc-reviews-styels.s3-us-west-1.amazonaws.com/2.jpeg
788,Barry,https://sdc-reviews-styels.s3-us-west-1.amazonaws.com/4.jpeg
789,Michael,https://sdc-reviews-styels.s3-us-west-1.amazonaws.com/7.jpeg
790,Jay,https://sdc-reviews-styels.s3-us-west-1.amazonaws.com/3.jpeg
791,Kyle,https://sdc-reviews-styels.s3-us-west-1.amazonaws.com/3.jpeg
792,Wally,https://sdc-reviews-styels.s3-us-west-1.amazonaws.com/3.jpeg
793,Ben,https://sdc-reviews-styels.s3-us-west-1.amazonaws.com/4.jpeg
794,Johann,https://sdc-reviews-styels.s3-us-west-1.amazonaws.com/3.jpeg
795,Johann,https://sdc-reviews-styels.s3-us-west-1.amazonaws.com/1.jpeg
796,Wally,https://sdc-reviews-styels.s3-us-west-1.amazonaws.com/7.jpeg
797,Arthur,https://sdc-reviews-styels.s3-us-west-1.amazonaws.com/2.jpeg
798,Bruce,https://sdc-reviews-styels.s3-us-west-1.amazonaws.com/3.jpeg
799,Jonn,https://sdc-reviews-styels.s3-us-west-1.amazonaws.com/7.jpeg
800,Kyle,https://sdc-reviews-styels.s3-us-west-1.amazonaws.com/8.jpeg
801,Jonn,https://sdc-reviews-styels.s3-us-west-1.amazonaws.com/3.jpeg
802,Bruce,https://sdc-reviews-styels.s3-us-west-1.amazonaws.com/1.jpeg
803,Wally,https://sdc-reviews-styels.s3-us-west-1.amazonaws.com/6.jpeg
804,Johann,https://sdc-reviews-styels.s3-us-west-1.amazonaws.com/3.jpeg
805,Bruce,https://sdc-reviews-styels.s3-us-west-1.amazonaws.com/3.jpeg
806,Kyle,https://sdc-reviews-styels.s3-us-west-1.amazonaws.com/2.jpeg
807,Jonn,https://sdc-reviews-styels.s3-us-west-1.amazonaws.com/5.jpeg
808,Jay,https://sdc-reviews-styels.s3-us-west-1.amazonaws.com/6.jpeg
809,Kyle,https://sdc-reviews-styels.s3-us-west-1.amazonaws.com/3.jpeg
810,Barry,https://sdc-reviews-styels.s3-us-west-1.amazonaws.com/1.jpeg
811,Johann,https://sdc-reviews-styels.s3-us-west-1.amazonaws.com/2.jpeg
812,Johann,https://sdc-reviews-styels.s3-us-west-1.amazonaws.com/3.jpeg
813,Bruce,https://sdc-reviews-styels.s3-us-west-1.amazonaws.com/7.jpeg
814,Kyle,https://sdc-reviews-styels.s3-us-west-1.amazonaws.com/7.jpeg
815,Jonn,https://sdc-reviews-styels.s3-us-west-1.amazonaws.com/4.jpeg
816,Dianna,https://sdc-reviews-styels.s3-us-west-1.amazonaws.com/3.jpeg
817,Bruce,https://sdc-reviews-styels.s3-us-west-1.amazonaws.com/8.jpeg
818,Johann,https://sdc-reviews-styels.s3-us-west-1.amazonaws.com/4.jpeg
819,Arthur,https://sdc-reviews-styels.s3-us-west-1.amazonaws.com/2.jpeg
820,Kyle,https://sdc-reviews-styels.s3-us-west-1.amazonaws.com/1.jpeg
821,Jay,https://sdc-reviews-styels.s3-us-west-1.amazonaws.com/7.jpeg
822,Barry,https://sdc-reviews-styels.s3-us-west-1.amazonaws.com/8.jpeg
823,Clark,https://sdc-reviews-styels.s3-us-west-1.amazonaws.com/4.jpeg
824,Bruce,https://sdc-reviews-styels.s3-us-west-1.amazonaws.com/2.jpeg
825,Jay,https://sdc-reviews-styels.s3-us-west-1.amazonaws.com/4.jpeg
826,Barry,https://sdc-reviews-styels.s3-us-west-1.amazonaws.com/7.jpeg
827,Michael,https://sdc-reviews-styels.s3-us-west-1.amazonaws.com/5.jpeg
828,Johann,https://sdc-reviews-styels.s3-us-west-1.amazonaws.com/4.jpeg
829,Johann,https://sdc-reviews-styels.s3-us-west-1.amazonaws.com/1.jpeg
830,Dianna,https://sdc-reviews-styels.s3-us-west-1.amazonaws.com/4.jpeg
831,Bruce,https://sdc-reviews-styels.s3-us-west-1.amazonaws.com/1.jpeg
832,Jay,https://sdc-reviews-styels.s3-us-west-1.amazonaws.com/7.jpeg
833,Wally,https://sdc-reviews-styels.s3-us-west-1.amazonaws.com/1.jpeg
834,Kyle,https://sdc-reviews-styels.s3-us-west-1.amazonaws.com/7.jpeg
835,Ben,https://sdc-reviews-styels.s3-us-west-1.amazonaws.com/3.jpeg
836,Arthur,https://sdc-reviews-styels.s3-us-west-1.amazonaws.com/4.jpeg
837,Michael,https://sdc-reviews-styels.s3-us-west-1.amazonaws.com/5.jpeg
838,Arthur,https://sdc-reviews-styels.s3-us-west-1.amazonaws.com/5.jpeg
839,Johann,https://sdc-reviews-styels.s3-us-west-1.amazonaws.com/5.jpeg
840,Ben,https://sdc-reviews-styels.s3-us-west-1.amazonaws.com/4.jpeg
841,Wally,https://sdc-reviews-styels.s3-us-west-1.amazonaws.com/5.jpeg
842,Ben,https://sdc-reviews-styels.s3-us-west-1.amazonaws.com/7.jpeg
843,Jonn,https://sdc-reviews-styels.s3-us-west-1.amazonaws.com/5.jpeg
844,Kyle,https://sdc-reviews-styels.s3-us-west-1.amazonaws.com/2.jpeg
845,Johann,https://sdc-reviews-styels.s3-us-west-1.amazonaws.com/7.jpeg
846,Jay,https://sdc-reviews-styels.s3-us-west-1.amazonaws.com/3.jpeg
847,Kyle,https://sdc-reviews-styels.s3-us-west-1.amazonaws.com/7.jpeg
848,Ben,https://sdc-reviews-styels.s3-us-west-1.amazonaws.com/7.jpeg
849,Jay,https://sdc-reviews-styels.s3-us-west-1.amazonaws.com/1.jpeg
850,Jonn,https://sdc-reviews-styels.s3-us-west-1.amazonaws.com/7.jpeg
851,Ben,https://sdc-reviews-styels.s3-us-west-1.amazonaws.com/2.jpeg
852,Arthur,https://sdc-reviews-styels.s3-us-west-1.amazonaws.com/5.jpeg
853,Michael,https://sdc-reviews-styels.s3-us-west-1.amazonaws.com/5.jpeg
854,Jay,https://sdc-reviews-styels.s3-us-west-1.amazonaws.com/3.jpeg
855,Arthur,https://sdc-reviews-styels.s3-us-west-1.amazonaws.com/3.jpeg
856,Eleen,https://sdc-reviews-styels.s3-us-west-1.amazonaws.com/4.jpeg
857,Wally,https://sdc-reviews-styels.s3-us-west-1.amazonaws.com/7.jpeg
858,Wally,https://sdc-reviews-styels.s3-us-west-1.amazonaws.com/4.jpeg
859,Dianna,https://sdc-reviews-styels.s3-us-west-1.amazonaws.com/2.jpeg
860,Michael,https://sdc-reviews-styels.s3-us-west-1.amazonaws.com/3.jpeg
861,Bruce,https://sdc-reviews-styels.s3-us-west-1.amazonaws.com/8.jpeg
862,Eleen,https://sdc-reviews-styels.s3-us-west-1.amazonaws.com/6.jpeg
863,Eleen,https://sdc-reviews-styels.s3-us-west-1.amazonaws.com/7.jpeg
864,Wally,https://sdc-reviews-styels.s3-us-west-1.amazonaws.com/3.jpeg
865,Eleen,https://sdc-reviews-styels.s3-us-west-1.amazonaws.com/2.jpeg
866,Clark,https://sdc-reviews-styels.s3-us-west-1.amazonaws.com/2.jpeg
867,Jay,https://sdc-reviews-styels.s3-us-west-1.amazonaws.com/5.jpeg
868,Michael,https://sdc-reviews-styels.s3-us-west-1.amazonaws.com/6.jpeg
869,Clark,https://sdc-reviews-styels.s3-us-west-1.amazonaws.com/8.jpeg
870,Jonn,https://sdc-reviews-styels.s3-us-west-1.amazonaws.com/4.jpeg
871,Arthur,https://sdc-reviews-styels.s3-us-west-1.amazonaws.com/7.jpeg
872,Jonn,https://sdc-reviews-styels.s3-us-west-1.amazonaws.com/2.jpeg
873,Ben,https://sdc-reviews-styels.s3-us-west-1.amazonaws.com/7.jpeg
874,Barry,https://sdc-reviews-styels.s3-us-west-1.amazonaws.com/8.jpeg
875,Johann,https://sdc-reviews-styels.s3-us-west-1.amazonaws.com/4.jpeg
876,Eleen,https://sdc-reviews-styels.s3-us-west-1.amazonaws.com/2.jpeg
877,Bruce,https://sdc-reviews-styels.s3-us-west-1.amazonaws.com/5.jpeg
878,Arthur,https://sdc-reviews-styels.s3-us-west-1.amazonaws.com/1.jpeg
879,Dianna,https://sdc-reviews-styels.s3-us-west-1.amazonaws.com/2.jpeg
880,Arthur,https://sdc-reviews-styels.s3-us-west-1.amazonaws.com/2.jpeg
881,Johann,https://sdc-reviews-styels.s3-us-west-1.amazonaws.com/1.jpeg
882,Wally,https://sdc-reviews-styels.s3-us-west-1.amazonaws.com/4.jpeg
883,Michael,https://sdc-reviews-styels.s3-us-west-1.amazonaws.com/7.jpeg
884,Wally,https://sdc-reviews-styels.s3-us-west-1.amazonaws.com/2.jpeg
885,Wally,https://sdc-reviews-styels.s3-us-west-1.amazonaws.com/8.jpeg
886,Eleen,https://sdc-reviews-styels.s3-us-west-1.amazonaws.com/1.jpeg
887,Eleen,https://sdc-reviews-styels.s3-us-west-1.amazonaws.com/6.jpeg
888,Wally,https://sdc-reviews-styels.s3-us-west-1.amazonaws.com/3.jpeg
889,Ben,https://sdc-reviews-styels.s3-us-west-1.amazonaws.com/1.jpeg
890,Clark,https://sdc-reviews-styels.s3-us-west-1.amazonaws.com/4.jpeg
891,Ben,https://sdc-reviews-styels.s3-us-west-1.amazonaws.com/7.jpeg
892,Clark,https://sdc-reviews-styels.s3-us-west-1.amazonaws.com/1.jpeg
893,Jonn,https://sdc-reviews-styels.s3-us-west-1.amazonaws.com/5.jpeg
894,Kyle,https://sdc-reviews-styels.s3-us-west-1.amazonaws.com/2.jpeg
895,Ben,https://sdc-reviews-styels.s3-us-west-1.amazonaws.com/3.jpeg
896,Barry,https://sdc-reviews-styels.s3-us-west-1.amazonaws.com/8.jpeg
897,Johann,https://sdc-reviews-styels.s3-us-west-1.amazonaws.com/3.jpeg
898,Jay,https://sdc-reviews-styels.s3-us-west-1.amazonaws.com/2.jpeg
899,Jay,https://sdc-reviews-styels.s3-us-west-1.amazonaws.com/6.jpeg
900,Clark,https://sdc-reviews-styels.s3-us-west-1.amazonaws.com/5.jpeg
901,Ben,https://sdc-reviews-styels.s3-us-west-1.amazonaws.com/2.jpeg
902,Michael,https://sdc-reviews-styels.s3-us-west-1.amazonaws.com/4.jpeg
903,Arthur,https://sdc-reviews-styels.s3-us-west-1.amazonaws.com/1.jpeg
904,Dianna,https://sdc-reviews-styels.s3-us-west-1.amazonaws.com/6.jpeg
905,Arthur,https://sdc-reviews-styels.s3-us-west-1.amazonaws.com/6.jpeg
906,Wally,https://sdc-reviews-styels.s3-us-west-1.amazonaws.com/5.jpeg
907,Barry,https://sdc-reviews-styels.s3-us-west-1.amazonaws.com/1.jpeg
908,Wally,https://sdc-reviews-styels.s3-us-west-1.amazonaws.com/7.jpeg
909,Kyle,https://sdc-reviews-styels.s3-us-west-1.amazonaws.com/3.jpeg
910,Eleen,https://sdc-reviews-styels.s3-us-west-1.amazonaws.com/7.jpeg
911,Wally,https://sdc-reviews-styels.s3-us-west-1.amazonaws.com/7.jpeg
912,Jay,https://sdc-reviews-styels.s3-us-west-1.amazonaws.com/7.jpeg
913,Jonn,https://sdc-reviews-styels.s3-us-west-1.amazonaws.com/4.jpeg
914,Dianna,https://sdc-reviews-styels.s3-us-west-1.amazonaws.com/5.jpeg
915,Eleen,https://sdc-reviews-styels.s3-us-west-1.amazonaws.com/1.jpeg
916,Dianna,https://sdc-reviews-styels.s3-us-west-1.amazonaws.com/4.jpeg
917,Jonn,https://sdc-reviews-styels.s3-us-west-1.amazonaws.com/7.jpeg
918,Eleen,https://sdc-reviews-styels.s3-us-west-1.amazonaws.com/6.jpeg
919,Johann,https://sdc-reviews-styels.s3-us-west-1.amazonaws.com/3.jpeg
920,Barry,https://sdc-reviews-styels.s3-us-west-1.amazonaws.com/3.jpeg
921,Eleen,https://sdc-reviews-styels.s3-us-west-1.amazonaws.com/7.jpeg
922,Eleen,https://sdc-reviews-styels.s3-us-west-1.amazonaws.com/1.jpeg
923,Johann,https://sdc-reviews-styels.s3-us-west-1.amazonaws.com/2.jpeg
924,Barry,https://sdc-reviews-styels.s3-us-west-1.amazonaws.com/6.jpeg
925,Jonn,https://sdc-reviews-styels.s3-us-west-1.amazonaws.com/3.jpeg
926,Jonn,https://sdc-reviews-styels.s3-us-west-1.amazonaws.com/1.jpeg
927,Jay,https://sdc-reviews-styels.s3-us-west-1.amazonaws.com/2.jpeg
928,Eleen,https://sdc-reviews-styels.s3-us-west-1.amazonaws.com/2.jpeg
929,Clark,https://sdc-reviews-styels.s3-us-west-1.amazonaws.com/8.jpeg
930,Dianna,https://sdc-reviews-styels.s3-us-west-1.amazonaws.com/3.jpeg
931,Ben,https://sdc-reviews-styels.s3-us-west-1.amazonaws.com/7.jpeg
932,Michael,https://sdc-reviews-styels.s3-us-west-1.amazonaws.com/6.jpeg
933,Michael,https://sdc-reviews-styels.s3-us-west-1.amazonaws.com/7.jpeg
934,Michael,https://sdc-reviews-styels.s3-us-west-1.amazonaws.com/7.jpeg
935,Jay,https://sdc-reviews-styels.s3-us-west-1.amazonaws.com/6.jpeg
936,Jonn,https://sdc-reviews-styels.s3-us-west-1.amazonaws.com/8.jpeg
937,Clark,https://sdc-reviews-styels.s3-us-west-1.amazonaws.com/4.jpeg
938,Michael,https://sdc-reviews-styels.s3-us-west-1.amazonaws.com/8.jpeg
939,Barry,https://sdc-reviews-styels.s3-us-west-1.amazonaws.com/1.jpeg
940,Arthur,https://sdc-reviews-styels.s3-us-west-1.amazonaws.com/5.jpeg
941,Dianna,https://sdc-reviews-styels.s3-us-west-1.amazonaws.com/8.jpeg
942,Johann,https://sdc-reviews-styels.s3-us-west-1.amazonaws.com/1.jpeg
943,Michael,https://sdc-reviews-styels.s3-us-west-1.amazonaws.com/3.jpeg
944,Jay,https://sdc-reviews-styels.s3-us-west-1.amazonaws.com/8.jpeg
945,Kyle,https://sdc-reviews-styels.s3-us-west-1.amazonaws.com/5.jpeg
946,Wally,https://sdc-reviews-styels.s3-us-west-1.amazonaws.com/2.jpeg
947,Wally,https://sdc-reviews-styels.s3-us-west-1.amazonaws.com/6.jpeg
948,Clark,https://sdc-reviews-styels.s3-us-west-1.amazonaws.com/6.jpeg
949,Barry,https://sdc-reviews-styels.s3-us-west-1.amazonaws.com/3.jpeg
950,Johann,https://sdc-reviews-styels.s3-us-west-1.amazonaws.com/4.jpeg
951,Michael,https://sdc-reviews-styels.s3-us-west-1.amazonaws.com/2.jpeg
952,Arthur,https://sdc-reviews-styels.s3-us-west-1.amazonaws.com/2.jpeg
953,Michael,https://sdc-reviews-styels.s3-us-west-1.amazonaws.com/6.jpeg
954,Clark,https://sdc-reviews-styels.s3-us-west-1.amazonaws.com/2.jpeg
955,Jay,https://sdc-reviews-styels.s3-us-west-1.amazonaws.com/3.jpeg
956,Johann,https://sdc-reviews-styels.s3-us-west-1.amazonaws.com/1.jpeg
957,Ben,https://sdc-reviews-styels.s3-us-west-1.amazonaws.com/8.jpeg
958,Wally,https://sdc-reviews-styels.s3-us-west-1.amazonaws.com/1.jpeg
959,Jonn,https://sdc-reviews-styels.s3-us-west-1.amazonaws.com/2.jpeg
960,Clark,https://sdc-reviews-styels.s3-us-west-1.amazonaws.com/1.jpeg
961,Barry,https://sdc-reviews-styels.s3-us-west-1.amazonaws.com/5.jpeg
962,Jonn,https://sdc-reviews-styels.s3-us-west-1.amazonaws.com/4.jpeg
963,Ben,https://sdc-reviews-styels.s3-us-west-1.amazonaws.com/6.jpeg
964,Bruce,https://sdc-reviews-styels.s3-us-west-1.amazonaws.com/4.jpeg
965,Wally,https://sdc-reviews-styels.s3-us-west-1.amazonaws.com/5.jpeg
966,Dianna,https://sdc-reviews-styels.s3-us-west-1.amazonaws.com/4.jpeg
967,Johann,https://sdc-reviews-styels.s3-us-west-1.amazonaws.com/6.jpeg
968,Jay,https://sdc-reviews-styels.s3-us-west-1.amazonaws.com/4.jpeg
969,Arthur,https://sdc-reviews-styels.s3-us-west-1.amazonaws.com/7.jpeg
970,Johann,https://sdc-reviews-styels.s3-us-west-1.amazonaws.com/4.jpeg
971,Bruce,https://sdc-reviews-styels.s3-us-west-1.amazonaws.com/8.jpeg
972,Ben,https://sdc-reviews-styels.s3-us-west-1.amazonaws.com/4.jpeg
973,Michael,https://sdc-reviews-styels.s3-us-west-1.amazonaws.com/7.jpeg
974,Kyle,https://sdc-reviews-styels.s3-us-west-1.amazonaws.com/3.jpeg
975,Jay,https://sdc-reviews-styels.s3-us-west-1.amazonaws.com/6.jpeg
976,Eleen,https://sdc-reviews-styels.s3-us-west-1.amazonaws.com/2.jpeg
977,Johann,https://sdc-reviews-styels.s3-us-west-1.amazonaws.com/5.jpeg
978,Jay,https://sdc-reviews-styels.s3-us-west-1.amazonaws.com/3.jpeg
979,Clark,https://sdc-reviews-styels.s3-us-west-1.amazonaws.com/7.jpeg
980,Michael,https://sdc-reviews-styels.s3-us-west-1.amazonaws.com/6.jpeg
981,Kyle,https://sdc-reviews-styels.s3-us-west-1.amazonaws.com/8.jpeg
982,Bruce,https://sdc-reviews-styels.s3-us-west-1.amazonaws.com/7.jpeg
983,Johann,https://sdc-reviews-styels.s3-us-west-1.amazonaws.com/1.jpeg
984,Ben,https://sdc-reviews-styels.s3-us-west-1.amazonaws.com/3.jpeg
985,Jay,https://sdc-reviews-styels.s3-us-west-1.amazonaws.com/3.jpeg
986,Dianna,https://sdc-reviews-styels.s3-us-west-1.amazonaws.com/1.jpeg
987,Eleen,https://sdc-reviews-styels.s3-us-west-1.amazonaws.com/3.jpeg
988,Kyle,https://sdc-reviews-styels.s3-us-west-1.amazonaws.com/5.jpeg
989,Kyle,https://sdc-reviews-styels.s3-us-west-1.amazonaws.com/2.jpeg
990,Jay,https://sdc-reviews-styels.s3-us-west-1.amazonaws.com/6.jpeg
991,Jonn,https://sdc-reviews-styels.s3-us-west-1.amazonaws.com/6.jpeg
992,Eleen,https://sdc-reviews-styels.s3-us-west-1.amazonaws.com/5.jpeg
993,Eleen,https://sdc-reviews-styels.s3-us-west-1.amazonaws.com/7.jpeg
994,Jonn,https://sdc-reviews-styels.s3-us-west-1.amazonaws.com/3.jpeg
995,Kyle,https://sdc-reviews-styels.s3-us-west-1.amazonaws.com/3.jpeg
996,Clark,https://sdc-reviews-styels.s3-us-west-1.amazonaws.com/1.jpeg
997,Eleen,https://sdc-reviews-styels.s3-us-west-1.amazonaws.com/8.jpeg
998,Johann,https://sdc-reviews-styels.s3-us-west-1.amazonaws.com/5.jpeg
999,Ben,https://sdc-reviews-styels.s3-us-west-1.amazonaws.com/1.jpeg
